global_step,episode,episode_length,mean_reward,queue_total_proxy,co2_total_mg,fuel_total_ml,throughput,avg_waiting_proxy
1080,1,1080,-45.71887365457513,31288.0,169451599.51284844,54819228.211463705,545.0,109.2200380648758
2160,2,1080,-117.74886593832923,105294.0,330923722.64876133,107065824.42420408,555.0,423.20895422647305
3240,3,1080,-53.74947358456315,38328.0,186525061.9280643,60339383.578929886,548.0,145.79144418614786
4320,4,1080,-50.21787365345115,33204.0,180113463.56840408,58255474.86850504,560.0,123.73202178079154
5400,5,1080,-49.73132121843929,32762.0,175686139.7978267,56837709.122156166,571.0,115.69921856826278
6480,6,1080,-52.996560617451664,38102.0,192184996.906548,62158209.62680404,590.0,140.3319639567709
7560,7,1080,-59.84057815152023,42824.0,198379186.79459712,64162411.83506229,574.0,174.9191181517348
8640,8,1080,-47.16379513252601,32424.0,171400799.32261112,55445587.78686658,562.0,126.54550058738697
9720,9,1080,-46.31378970259059,29074.0,167001500.7656977,54016211.23599301,569.0,114.39001375029407
10800,10,1080,-47.46782817519326,29096.0,169708882.58155826,54884833.2390455,532.0,115.99670130991167
11880,11,1080,-49.53962230508111,34804.0,179902077.96200144,58197694.36460903,551.0,127.39667871532436
12960,12,1080,-44.643703262461614,27686.0,168723873.6900261,54563863.82058206,567.0,107.28220677469471
14040,13,1080,-44.72853195011746,27768.0,165721712.4266272,53596001.635888584,572.0,107.21701901256496
15120,14,1080,-46.44111530304735,30576.0,172979598.36834124,55947305.79700363,576.0,112.93988197280414
16200,15,1080,-41.38680922624401,25600.0,155991133.81136662,50461103.816410616,586.0,96.08511813667504
17280,16,1080,-44.78221420167168,28712.0,169024675.96551526,54667953.853238195,580.0,106.26357373943904
18360,17,1080,-46.11125529183255,28804.0,168305113.43429852,54438981.53630226,560.0,103.75058829171098
19440,18,1080,-41.08413350152145,23430.0,157166859.97917822,50830208.90014322,575.0,88.01282256162341
20520,19,1080,-59.161034969568846,42414.0,199384235.95174888,64501551.6832066,576.0,157.5926314975203
21600,20,1080,-43.39825098746148,25668.0,161222433.33885407,52152387.44469862,560.0,95.278639207017
22680,21,1080,-45.407343311704096,27288.0,163787843.78993365,52976938.46981927,536.0,104.19655533133404
23760,22,1080,-51.41223005352683,36468.0,175700986.71928602,56853588.53801398,560.0,136.6793141914123
24840,23,1080,-47.93540642735913,30764.0,176525586.25830856,57091260.950196125,557.0,116.85230227156411
25920,24,1080,-41.9291388834572,24668.0,158750180.01224357,51347402.3211243,560.0,92.56417591354739
27000,25,1080,-41.063898196925365,23674.0,152164597.05941802,49223468.67571756,556.0,86.90972272240128
28080,26,1080,-43.94548189561006,25880.0,161785292.612526,52322016.98056945,556.0,97.84882843220511
29160,27,1080,-42.18921742467717,23486.0,161019103.62714067,52074276.761718474,580.0,88.10088793737143
30240,28,1080,-42.08055768764245,23624.0,156920787.26155037,50757341.98475553,559.0,88.33625386577295
31320,29,1080,-44.42810343289898,25570.0,162903562.3967528,52686175.84225115,553.0,97.72453399325386
32400,30,1080,-41.27161143292297,23992.0,156745677.52213952,50697865.933459766,539.0,88.40781024725058
33480,31,1080,-44.992384290156195,27558.0,161608534.62776196,52277075.074578345,547.0,106.24340612876763
34560,32,1080,-42.07913503419043,25962.0,161312223.02801856,52170645.07242168,589.0,97.26881386673305
35640,33,1080,-49.899020101063755,31464.0,178180463.34539843,57622755.92465393,581.0,124.40007506855102
36720,34,1080,-41.794122393814014,25700.0,161032405.80267993,52085049.687707625,582.0,96.19123378657586
37800,35,1080,-44.15189559004111,27126.0,160652913.24828964,51970897.7969228,534.0,100.99959319628182
38880,36,1080,-43.874467745883365,27338.0,164143748.85734934,53094891.05440154,554.0,102.65577831213457
39960,37,1080,-43.186916657962506,27222.0,162425071.96072975,52535637.268652976,590.0,104.35483454921132
41040,38,1080,-52.19926335190934,36928.0,186480142.29541144,60322608.42523445,584.0,139.48759141988276
42120,39,1080,-56.874873793093734,43260.0,196250392.63108703,63492769.577106886,581.0,158.78994763732305
43200,40,1080,-43.92201620618482,27786.0,165177861.3468631,53425756.79809844,544.0,106.61501231849653
44280,41,1080,-42.21806563003952,28586.0,162557270.97164062,52584200.68999218,573.0,111.40317523789605
45360,42,1080,-48.40891220554578,34440.0,173551648.4257133,56146961.262752205,547.0,135.2504494960718
46440,43,1080,-45.09748874038013,30254.0,165968054.8317464,53693798.60925887,530.0,116.5666926029778
47520,44,1080,-56.60436041366847,42764.0,197065825.3140602,63752680.953067295,571.0,163.7271991461733
48600,45,1080,-51.77967986703501,36466.0,185804446.2896101,60089721.27712596,578.0,145.92111352933014
49680,46,1080,-44.10118035180018,29478.0,163433265.32116786,52866843.40898464,567.0,115.68329501253535
50760,47,1080,-51.2676927944228,36180.0,182269957.5944256,58963368.77559005,550.0,137.50491657413951
51840,48,1080,-42.457542978333294,26152.0,160705957.11492813,51974390.19820084,562.0,100.11010607562855
52920,49,1080,-40.4288890693565,24836.0,155048311.75348946,50149832.860563025,559.0,91.21301797707534
54000,50,1080,-46.56426201784528,30138.0,175043649.2564521,56602875.03926887,564.0,115.83514219906837
55080,51,1080,-42.434076899834736,25226.0,158885589.24502185,51389245.41302365,553.0,95.5593619218489
56160,52,1080,-43.14504862041825,26882.0,161983850.05894554,52397207.1788255,542.0,100.37845492090318
57240,53,1080,-48.82360983802859,34432.0,177860118.80409196,57538511.40725225,538.0,120.60017931428573
58320,54,1080,-43.29157544833066,27644.0,165065107.96015537,53384061.78892487,564.0,105.58699132795925
59400,55,1080,-41.98318363543915,25540.0,158469080.89972404,51256886.90122526,539.0,96.34195261541657
60480,56,1080,-43.45457247369022,28938.0,165684916.31327605,53588830.42741735,565.0,110.67663266058615
61560,57,1080,-47.5854883458976,35142.0,181545060.13824308,58726046.43140656,532.0,128.0699676007687
62640,58,1080,-48.084133165190366,36918.0,179495185.91679803,58071841.01527637,546.0,131.39232492513892
63720,59,1080,-41.2025702496725,28128.0,165410919.1670287,53495935.6651932,602.0,107.08163685446152
64800,60,1080,-40.73997907882004,27982.0,164292665.85562807,53143840.14990256,584.0,103.83185492567151
65880,61,1080,-43.01199280963221,28302.0,162362049.4494892,52519110.58502486,528.0,109.59807458253114
66960,62,1080,-46.48518807057249,34726.0,180334261.84313062,58329565.28999644,548.0,128.84894509692262
68040,63,1080,-43.69066193290099,30866.0,172731009.8179494,55865700.847232856,553.0,116.5706850378335
69120,64,1080,-46.040935612087914,35868.0,184379100.06101313,59641002.84644662,531.0,130.52001992866806
70200,65,1080,-44.188873228310236,31972.0,171154097.31856522,55362111.49072774,553.0,118.43006350499194
71280,66,1080,-50.17096962781278,39118.0,186692149.5030561,60395477.71162024,546.0,138.15978517693733
72360,67,1080,-40.71005884728492,26242.0,159618603.0515294,51629211.253046624,570.0,98.6089301547156
73440,68,1080,-45.558418803985674,30188.0,171028667.45120344,55316706.55835687,544.0,115.99445595266366
74520,69,1080,-43.58133674807077,30006.0,168203457.9530493,54406878.387089446,578.0,111.3342596771507
75600,70,1080,-40.534477029379374,26128.0,160338537.5747182,51859525.968836136,565.0,96.83500950838116
76680,71,1080,-48.21121437668633,36184.0,181939001.9381976,58859367.60585097,545.0,126.76328476304164
77760,72,1080,-49.375318284433696,37436.0,186396182.15161,60293727.322934166,585.0,134.6679123608012
78840,73,1080,-40.765169856430084,25008.0,158869111.8246301,51382363.2035193,574.0,92.02513481336605
79920,74,1080,-41.79179681131265,27014.0,163470094.16066027,52870797.79351614,555.0,98.63978848128968
81000,75,1080,-42.231171649803116,25940.0,163604550.74451697,52914734.37358065,572.0,98.32658992805676
82080,76,1080,-47.64703200613501,33560.0,178749690.04486567,57818183.589199,545.0,118.77203237557748
83160,77,1080,-46.63812429443327,32082.0,172189158.3847741,55696176.07111061,556.0,119.673401326557
84240,78,1080,-40.75221948813475,25488.0,157171560.88512665,50842086.319164306,556.0,93.58319248230485
85320,79,1080,-41.54192389790803,25894.0,159209538.36450508,51494638.9411178,577.0,97.35965517279013
86400,80,1080,-43.22103714953023,26718.0,163726023.74269223,52953597.373560145,561.0,100.4415157298092
87480,81,1080,-65.71392016770068,54040.0,224728505.27952594,72704860.44960997,559.0,193.45374545363865
88560,82,1080,-47.731833869917494,33070.0,175249596.56688198,56685439.74054137,559.0,123.21616834662325
89640,83,1080,-61.07386020526843,49972.0,213845959.2687104,69178541.98880352,559.0,178.83285437292713
90720,84,1080,-57.265171416271876,41970.0,197713498.19027746,63946011.98083391,531.0,161.35992374004582
91800,85,1080,-41.581933015264966,27212.0,163063027.56792217,52742465.558117494,554.0,102.02078540961249
92880,86,1080,-44.47518494224893,29442.0,168511006.7312571,54502087.82336187,570.0,113.11187373310693
93960,87,1080,-43.052751414290356,27568.0,163477700.42274892,52877634.706390165,553.0,103.77869794327434
95040,88,1080,-50.61364140080373,36164.0,185122395.36827517,59877371.35327532,566.0,137.49651413879502
96120,89,1080,-43.39478662114381,27724.0,165523297.5997962,53539671.68765519,562.0,105.10287101644045
97200,90,1080,-44.20557069436285,28880.0,165224163.51497105,53442346.807613425,553.0,108.51142768126097
98280,91,1080,-47.457213226497956,31232.0,172684849.55603817,55849265.18648563,539.0,118.98154808223615
99360,92,1080,-50.701970516774146,36838.0,180690345.47686645,58452647.091180675,540.0,134.51792128100317
100440,93,1080,-41.54999221063108,27088.0,159701307.1735739,51667188.69688641,562.0,100.86517413106651
101520,94,1080,-50.11878378153979,37730.0,187206384.09022242,60555180.31856111,582.0,136.07517740818147
102600,95,1080,-50.10973484558457,35070.0,178811779.7523484,57843367.75938939,535.0,130.59084603162705
103680,96,1080,-42.58953619848152,26686.0,162591074.44543928,52587221.058525495,553.0,101.91085000976624
104760,97,1080,-45.93236058379338,28990.0,170057497.51216015,55000472.762906544,565.0,112.61569052321701
105840,98,1080,-47.16968708000199,32108.0,178033611.17034602,57581660.89056787,566.0,121.68085207847533
106920,99,1080,-40.819694486620335,26080.0,161493709.60002562,52234740.99619166,582.0,97.81402306375459
108000,100,1080,-40.04917747047416,25798.0,157410697.10149947,50920148.90077092,562.0,93.87553977238937
109080,101,1080,-41.758008499656796,27524.0,161340826.0542389,52187477.86441059,548.0,103.02088564255007
110160,102,1080,-50.226304396114614,38718.0,186924262.12947923,60469970.90831866,557.0,136.9862396497183
111240,103,1080,-43.48312133413576,28406.0,168587661.1757322,54528209.54055789,547.0,105.56808986039691
112320,104,1080,-42.09860685694177,27434.0,164033969.47152933,53063292.745114364,569.0,99.18027215821117
113400,105,1080,-47.12252370266587,32438.0,174570878.94487795,56472052.95085692,562.0,121.06158749771438
114480,106,1080,-45.88791577407282,31586.0,171002248.3679789,55311119.377009414,592.0,117.87392046236465
115560,107,1080,-42.47904855317276,27082.0,159010885.89301822,51434291.20480168,509.0,99.23349398057265
116640,108,1080,-41.90779964462068,27880.0,163651017.20069945,52933089.3650617,570.0,104.20948508340894
117720,109,1080,-44.814060228681015,31528.0,172533026.65734342,55808424.29397508,558.0,115.54476003041782
118800,110,1080,-48.061560229080705,34756.0,179248190.32781148,57982717.38210438,528.0,124.19295900669502
119880,111,1080,-52.82723115908915,40938.0,196540192.36915705,63577275.76472054,582.0,147.97000143801083
120960,112,1080,-45.89190540565337,33098.0,173539928.67866996,56135548.32718541,553.0,121.86604706623835
122040,113,1080,-47.743354051852855,38578.0,181132373.7131237,58606904.39060532,583.0,135.95880925779173
123120,114,1080,-39.16375441904755,27794.0,156337460.12754565,50583901.31404695,590.0,100.34785166330829
124200,115,1080,-45.555476521717125,33554.0,174431640.66907763,56421874.898015924,583.0,122.92778327513479
125280,116,1080,-52.65344353486991,42108.0,196599836.28287724,63597490.68576019,574.0,153.22813990707922
126360,117,1080,-42.17827177505721,29400.0,170997648.32289615,55305112.04988675,561.0,108.91133894486264
127440,118,1080,-46.62575845958877,34802.0,177204119.03712755,57325062.34280247,544.0,127.22719691595258
128520,119,1080,-43.54993393380276,30766.0,167440634.54404116,54165651.031089365,548.0,113.63186158110622
129600,120,1080,-43.51306630293463,30650.0,174542253.53919473,56450379.054771386,566.0,112.84198015518047
130680,121,1080,-47.69206263782558,35942.0,182042575.52726305,58882465.70776777,566.0,131.2794029196308
131760,122,1080,-40.80654814455439,26542.0,157100336.77211416,50819567.887453996,559.0,98.03378112534588
132840,123,1080,-47.82151489741057,35858.0,182762532.45570326,59121042.50025936,563.0,127.54730580191752
133920,124,1080,-41.13298746586622,28574.0,167020883.2555698,54022155.35151712,595.0,101.8923311957497
135000,125,1080,-56.33972745641268,43328.0,195874484.5024662,63371337.07179695,519.0,152.25592628833303
136080,126,1080,-47.91738793918769,34728.0,183530316.0975694,59367504.41174951,542.0,119.77426410445122
137160,127,1080,-40.765840313943116,25742.0,160705416.24128702,51978069.78687073,567.0,92.74467597322003
138240,128,1080,-46.784110672049174,33934.0,177506764.18757936,57420658.5733327,563.0,122.78082491150509
139320,129,1080,-60.61015858762564,48716.0,212983530.12666857,68903368.95928907,548.0,174.28745015381276
140400,130,1080,-49.17230727682858,37558.0,185309857.67152482,59947555.20780535,559.0,130.73461955227137
141480,131,1080,-48.022760928672504,32956.0,176189436.33576295,56995113.33150986,541.0,119.56276387724736
142560,132,1080,-47.614572524703405,31720.0,175261120.55871615,56683936.35395623,557.0,121.8215651727197
143640,133,1080,-46.25544205135206,31164.0,174725567.1537047,56516225.38645529,555.0,113.64797224424075
144720,134,1080,-46.48122372326314,32436.0,175906879.45413402,56900404.54510588,548.0,115.51344450512856
145800,135,1080,-58.26232977564814,44516.0,206732278.99585015,66876937.46857633,562.0,159.44486915628084
146880,136,1080,-46.024753632854306,29050.0,170941219.36669824,55287474.76725413,584.0,109.96285901726736
147960,137,1080,-40.39812976090782,23788.0,154088800.7161263,49843369.36803831,544.0,87.49594352436681
149040,138,1080,-44.16443606801792,28038.0,163762612.7160679,52967215.34094628,552.0,106.97153938426658
150120,139,1080,-49.16751808935961,34018.0,179337076.86706087,58007550.07555218,542.0,124.00303043745515
151200,140,1080,-41.40177835139818,25246.0,160532145.52517918,51915316.31063953,566.0,92.717546186352
152280,141,1080,-62.072840568563926,50172.0,207716662.58718887,67201726.91044474,542.0,183.04387346997078
153360,142,1080,-44.45420624514554,30370.0,170356001.0434009,55110308.36073166,562.0,106.2106963958098
154440,143,1080,-42.53010487758943,26616.0,163491152.73232672,52875431.44520513,557.0,97.37811445562004
155520,144,1080,-41.227772138002635,24656.0,157974000.6447698,51100253.29453824,547.0,87.93868942504781
156600,145,1080,-48.418240029771596,33876.0,177759376.78816688,57501769.214893624,575.0,124.50089457824863
157680,146,1080,-49.69831976518985,37354.0,186908584.01301828,60454653.135338694,591.0,131.25434024942436
158760,147,1080,-42.13274365724051,25464.0,159619757.02839702,51620025.31808226,536.0,94.69621627801915
159840,148,1080,-42.55371532070478,27584.0,165865235.51108766,53650859.21504274,578.0,99.40323219752197
160920,149,1080,-65.893631320872,55286.0,225740605.69931355,73041020.73617221,549.0,193.5165704576021
162000,150,1080,-47.65684143682607,35558.0,176614670.47167584,57143110.85075971,577.0,125.09693644636448
163080,151,1080,-42.456166341318976,30668.0,166972068.6403588,54014638.54379574,573.0,109.82710001884455
164160,152,1080,-41.71075170753211,30648.0,164638190.856122,53261643.724718735,553.0,104.91233146215544
165240,153,1080,-40.51307074502823,28026.0,161667578.7820303,52296827.627929375,578.0,101.24803941107521
166320,154,1080,-41.21903168122779,28444.0,163375691.67166474,52851460.44951245,592.0,103.46976228353218
167400,155,1080,-41.31635509397054,27686.0,161204963.2506719,52142896.104072005,573.0,102.4032685661511
168480,156,1080,-43.4819621387353,29550.0,165389533.68333718,53501242.15866504,549.0,108.3472184626395
169560,157,1080,-47.33186964242197,34358.0,175486902.52374908,56770912.26772636,534.0,125.80964524820772
170640,158,1080,-44.799460120175866,31210.0,171570891.46814454,55491646.370794274,561.0,113.56766571582081
171720,159,1080,-48.646419094836475,36604.0,181785531.42520505,58802548.55395607,571.0,135.0145183736487
172800,160,1080,-43.975548134543516,30402.0,171052612.48720646,55326864.405046955,566.0,111.42974038514421
173880,161,1080,-42.68723556592114,27868.0,165757710.45884654,53610896.25334199,563.0,102.40005740709242
174960,162,1080,-44.08211184466012,31550.0,172922194.8116579,55937735.57413729,564.0,108.23869264358683
176040,163,1080,-47.021713789016275,32884.0,175256463.98079738,56690376.222546294,570.0,117.39238825396612
177120,164,1080,-39.999569998547656,24508.0,154433573.49518833,49958523.95781156,565.0,87.26938204622279
178200,165,1080,-42.153032697186354,26500.0,162947064.7471263,52704658.60125462,567.0,95.26651966007329
179280,166,1080,-47.21490912835965,35398.0,183356799.6463593,59308607.70464221,593.0,122.44103739083582
180360,167,1080,-41.00607968442869,25926.0,160580575.1575983,51937885.34737739,569.0,92.02355058508131
181440,168,1080,-49.18959334840354,33990.0,182221572.7950701,58938743.38716447,555.0,123.04718391667267
182520,169,1080,-40.57245276838053,24980.0,161457531.17709482,52217854.06961907,587.0,91.52267529434505
183600,170,1080,-40.98430347129094,24636.0,158274412.61386982,51193089.581023335,535.0,87.60815584704315
184680,171,1080,-39.80372183694203,25510.0,158474828.77996147,51259065.296266444,591.0,90.03178256813761
185760,172,1080,-45.615646892705925,32354.0,175268479.14686316,56694070.17709827,579.0,113.7928923589804
186840,173,1080,-44.0874708393371,30348.0,168049903.08782446,54358662.190690644,557.0,106.221308532656
187920,174,1080,-48.23245262545127,35840.0,185630822.44676015,60049506.27958115,564.0,125.11457691739854
189000,175,1080,-41.03492346499131,25390.0,157397481.31458157,50912003.19266639,524.0,92.59466778228548
190080,176,1080,-42.33276130772677,26732.0,164538090.24445885,53219873.810960464,547.0,96.31590249831999
191160,177,1080,-44.812165504350105,28302.0,169219098.6562399,54728355.656307705,527.0,102.31526484067965
192240,178,1080,-48.416364383131835,34054.0,180371705.2188953,58347759.1218733,570.0,120.72198255319766
193320,179,1080,-44.28797198816222,30094.0,169270344.78344107,54751496.48143153,575.0,110.947619521033
194400,180,1080,-47.690771486569915,33218.0,176536010.54906172,57103241.37639484,534.0,118.01742446167124
195480,181,1080,-45.44433425253925,31884.0,173588521.29572487,56147901.35874369,577.0,114.1275911303186
196560,182,1080,-41.34467671833063,25480.0,158484063.2875256,51261732.8838701,554.0,89.67813978677485
197640,183,1080,-39.51451563941742,23362.0,155161622.6550709,50190351.84723455,576.0,81.23695013182488
198720,184,1080,-48.562937818880165,35546.0,178672976.54264066,57806283.91027976,559.0,122.37742132411465
199800,185,1080,-40.285810062615,26466.0,162878342.12110323,52682138.20935236,562.0,94.13180714164827
200880,186,1080,-46.93957670682756,32784.0,173305238.8761082,56065900.52132023,563.0,112.4226506881953
201960,187,1080,-43.79931630215054,30842.0,166526997.248652,53881629.51424954,579.0,104.72211914079679
203040,188,1080,-43.83302251689488,29082.0,161549876.10118058,52259620.28878356,534.0,103.64479091673284
204120,189,1080,-47.73685519543676,33392.0,179578892.58399758,58087809.787134536,586.0,121.3951388928826
205200,190,1080,-43.2888905799646,28588.0,168294185.0249849,54431880.22834835,558.0,104.16637395264753
206280,191,1080,-42.31968592738362,27478.0,167960831.795413,54325588.85010476,553.0,98.26945429719056
207360,192,1080,-55.29768348849562,46040.0,204784677.54765025,66259226.036356956,539.0,154.51801500300792
208440,193,1080,-41.10017136557799,26722.0,162324512.4837583,52501940.071216226,534.0,94.77082028831077
209520,194,1080,-614.327976103932,809202.0,1329846852.2053955,430652459.70961607,298.0,2740.750319304153
210600,195,1080,-49.409363853091676,40166.0,190963810.94155428,61783664.775814705,547.0,135.12318404657123
211680,196,1080,-42.95670133760326,31496.0,170608582.16894856,55187561.38618171,562.0,108.89967790752505
212760,197,1080,-40.98324839674313,28058.0,163448941.1884918,52870663.618736476,573.0,99.88188914587798
213840,198,1080,-44.88463358390806,31770.0,175427187.17976427,56741608.48857796,540.0,111.36567970223037
214920,199,1080,-40.27516085279137,27946.0,167141774.5258608,54055899.27818704,579.0,98.26748011523033
216000,200,1080,-45.466343366338755,34222.0,179132360.39590245,57941917.45355686,571.0,120.0034356051596
217080,201,1080,-40.27813436298331,27110.0,163084775.8611288,52754649.50463664,575.0,93.77776642924583
218160,202,1080,-47.54478610628179,36590.0,184493502.04362643,59678375.962631926,531.0,127.83628086101757
219240,203,1080,-45.348143820210325,33762.0,177190167.85934737,57314947.64270013,567.0,122.33010974409359
220320,204,1080,-41.18781923676736,28942.0,163482831.6917145,52888904.40790825,560.0,103.68190452423168
221400,205,1080,-37.350900211756226,25384.0,153462307.51662353,49648478.07010637,594.0,91.22281796970174
222480,206,1080,-38.05285482412174,26658.0,160987837.48097882,52071992.52525517,569.0,94.08262095450213
223560,207,1080,-61.66973927592716,55988.0,226776447.99077776,73377546.34106955,583.0,192.364029252577
224640,208,1080,-168.9736546963233,200742.0,445316806.3082276,144131471.9148063,481.0,681.836291514865
225720,209,1080,-39.15390360220755,27628.0,159026674.14974448,51445270.365746185,590.0,99.13563775783194
226800,210,1080,-39.71669618308201,28018.0,165104853.4912453,53398843.969796695,591.0,101.27262263059622
227880,211,1080,-41.69505074741966,30894.0,166745428.7426631,53946883.55497817,558.0,108.88969239655022
228960,212,1080,-48.893555945012835,38994.0,187749779.27264705,60737590.951279774,532.0,137.32205785429926
230040,213,1080,-40.16946956419692,29246.0,164977398.30247355,53370139.99513449,579.0,101.06723999994747
231120,214,1080,-40.31993440599485,29234.0,164719520.6894501,53286704.80211997,568.0,104.56257043252587
232200,215,1080,-47.66640748421059,39906.0,185875654.46876317,60141007.463076465,553.0,133.56228775906433
233280,216,1080,-48.55202452183886,36912.0,185661097.55207595,60059263.45993484,553.0,131.8392194483291
234360,217,1080,-44.643739557383824,35136.0,175041445.67879695,56628410.918654844,561.0,121.38331226951175
235440,218,1080,-42.35968706120158,29138.0,163624451.84878048,52925639.61925215,535.0,106.90049642067329
236520,219,1080,-43.92502271429314,31556.0,172673468.67691368,55858570.571640186,561.0,112.73833740840965
237600,220,1080,-47.24344493185015,34982.0,176298929.2112799,57035659.61316906,574.0,125.23106654079079
238680,221,1080,-49.97443286514104,37788.0,185085666.35667533,59877498.13243559,555.0,136.82485328743178
239760,222,1080,-43.44129782807471,29686.0,170989362.15282768,55307021.318545386,540.0,108.59846500164967
240840,223,1080,-42.01071249211176,28766.0,167827451.85842383,54287228.55468196,564.0,99.57366905012505
241920,224,1080,-55.375553292859294,46874.0,210795681.4065383,68192166.54641683,580.0,158.31134526979815
243000,225,1080,-40.746077309916046,26966.0,161205706.22049046,52140811.40769449,569.0,98.84923196622671
244080,226,1080,-39.880339999445304,26730.0,163825717.29321232,52982814.45983211,592.0,93.06000738528009
245160,227,1080,-40.461645795588915,27656.0,168776158.84517476,54584685.226445094,559.0,95.28281758031308
246240,228,1080,-42.73084831842811,29422.0,169967368.18548408,54973423.55327797,573.0,103.94104258233445
247320,229,1080,-40.80648271733556,27940.0,163832678.8975725,52998992.53254021,581.0,96.78199383490131
248400,230,1080,-42.39634183258269,30866.0,170018273.49889606,54996249.868461266,573.0,108.24127371556432
249480,231,1080,-63.98941635320415,62238.0,241825062.4431962,78250966.59307155,548.0,198.5715494875827
250560,232,1080,-46.48297081361808,35230.0,176931431.8267593,57235689.97425821,523.0,121.94621326697735
251640,233,1080,-42.77877281563215,32292.0,174128726.59627444,56323027.54195221,588.0,114.22304515874953
252720,234,1080,-43.63813486928646,33930.0,175862439.0086461,56893691.50014404,555.0,117.35971357808437
253800,235,1080,-41.71379254871995,31186.0,169854447.9657789,54947870.247743905,572.0,108.88100182065213
254880,236,1080,-41.7780007393669,29762.0,167353140.1711468,54131382.11317065,538.0,108.17018004034855
255960,237,1080,-39.437470141862136,28198.0,159075134.00199467,51462428.50176166,589.0,101.25631391981938
257040,238,1080,-38.83383943738187,25878.0,157620626.91418198,50983961.30299918,580.0,92.55555044834387
258120,239,1080,-49.181942156913834,40916.0,181540177.13424525,58738979.297357835,551.0,136.86148142906163
259200,240,1080,-48.80771172661686,38244.0,188353034.66557556,60927641.63428197,541.0,134.4273393469206
260280,241,1080,-42.9468153140462,29838.0,170817370.50002277,55249299.92539299,538.0,105.69984539375533
261360,242,1080,-39.705884728477486,26968.0,162295941.8767211,52494944.93384315,575.0,95.19076447055694
262440,243,1080,-45.76881080272831,31380.0,175934059.1373589,56904525.754762135,549.0,112.10515161003475
263520,244,1080,-47.518223993244035,37116.0,184076465.38926774,59547115.502184205,586.0,128.80694357429843
264600,245,1080,-43.78565441866334,30754.0,173278466.88347405,56047706.29764153,549.0,108.70339051169584
265680,246,1080,-44.20818704666452,32966.0,173965711.8008143,56283991.7974757,555.0,114.75448816441396
266760,247,1080,-42.83490951728632,29388.0,167538255.83883348,54188530.0898216,545.0,104.12060044947448
267840,248,1080,-46.23137203878173,33576.0,180814399.91767406,58481363.80975921,538.0,118.14827712720444
268920,249,1080,-45.57552947140632,36236.0,185179119.656486,59899686.95014955,610.0,126.8193192874216
270000,250,1080,-41.378008782742185,29162.0,164894919.90108672,53339464.82964605,538.0,103.43276204631552
271080,251,1080,-42.24113034433496,31096.0,169508446.86646825,54840082.37117404,542.0,106.19710785911236
272160,252,1080,-39.206191311736305,26128.0,157304259.357879,50886690.59918484,535.0,91.12542687951772
273240,253,1080,-46.74393379693571,35776.0,184881937.65549564,59802801.72097891,548.0,122.9955487589428
274320,254,1080,-45.202728848653095,34054.0,171027961.41544273,55322632.10720823,546.0,119.36117422226253
275400,255,1080,-39.910564841795505,27820.0,164117167.3621946,53084556.34239234,577.0,96.43716587677505
276480,256,1080,-57.730337235739235,48284.0,215013520.64436612,69554445.06279159,552.0,167.11317177392036
277560,257,1080,-47.82993825320156,35848.0,183541270.1865903,59372279.34113082,569.0,124.56854365387028
278640,258,1080,-46.02042468960258,36782.0,182744602.3793971,59119861.61158137,604.0,122.32356200024125
279720,259,1080,-41.628067941031034,27362.0,165057055.8973764,53381436.902657695,572.0,97.3619060860227
280800,260,1080,-42.68411394972746,29918.0,171028999.31652388,55318411.33240107,597.0,107.85487806304104
281880,261,1080,-50.97716279091689,40436.0,195388414.8532848,63207968.344304234,566.0,140.1721549569947
282960,262,1080,-45.22899736918339,33276.0,177657471.51670524,57453805.83145403,519.0,113.58372286778388
284040,263,1080,-43.0292339318758,28904.0,168176401.7347509,54392932.519429624,535.0,102.47377414979505
285120,264,1080,-45.82301521117682,34278.0,179181888.98773193,57960710.24922356,560.0,115.40546605795852
286200,265,1080,-52.35730288637643,39870.0,199136934.7448108,64411822.92974514,575.0,140.55492340626225
287280,266,1080,-40.8742929788839,28434.0,168958822.84173468,54650853.40168398,574.0,98.94472410299835
288360,267,1080,-43.39194491357263,31882.0,173261521.7922803,56055541.102683485,535.0,106.65655576228102
289440,268,1080,-57.21657280050963,51476.0,211399608.60176536,68409329.26306249,559.0,163.64441713310103
290520,269,1080,-45.787688750844126,35962.0,182987047.3542167,59186611.859496586,588.0,123.43679935246817
291600,270,1080,-49.662277173338744,42588.0,193379481.263727,62566909.81056251,575.0,143.18251345209632
292680,271,1080,-42.599318080187814,33780.0,179558734.21213564,58084106.88460251,589.0,111.60498356960919
293760,272,1080,-43.991520016093716,31776.0,172691085.16279596,55865363.82812212,533.0,109.19651277059968
294840,273,1080,-47.96246520216238,37690.0,185759157.29415724,60094780.668313935,552.0,126.05325385523108
295920,274,1080,-48.34094710591535,39382.0,190098201.29752043,61498437.561608575,542.0,132.0476920211995
297000,275,1080,-41.92313596758002,30288.0,171578724.32050353,55494206.68925664,534.0,104.23937717017253
298080,276,1080,-52.262511668216575,43556.0,204623042.11110002,66189834.86488531,539.0,146.89120461829881
299160,277,1080,-44.04165898314912,34460.0,180928715.65295178,58526991.45201779,578.0,115.96095219402868
300240,278,1080,-45.25958760413981,38328.0,184839209.70715806,59798692.24972012,560.0,125.58453191265264
301320,279,1080,-39.514134636720804,32292.0,171039890.33908418,55333154.53937802,569.0,105.23811359893459
302400,280,1080,-42.30120083951349,33108.0,175577976.26095793,56800785.29495199,562.0,108.29149161049381
303480,281,1080,-40.79326213481198,34116.0,177098583.4265346,57293120.51849345,590.0,110.43076068949796
304560,282,1080,-44.95408092410683,36332.0,181884788.77704462,58842713.21575598,560.0,120.61910354476932
305640,283,1080,-41.50949250033362,32232.0,169898373.4056119,54966144.08579342,515.0,106.65689864104955
306720,284,1080,-48.10363407071493,39986.0,192296033.14862564,62205645.43563167,538.0,134.07044519896104
307800,285,1080,-41.35599369142173,31538.0,170804928.35461038,55250028.609703004,577.0,111.16657807475578
308880,286,1080,-44.01247572608952,34586.0,180858936.1268309,58506960.771626435,530.0,121.25885566497145
309960,287,1080,-41.67295923855767,31454.0,171671846.03680134,55531134.588529624,564.0,110.67089615892608
311040,288,1080,-42.25699373294267,34230.0,175789151.68969867,56864289.47613544,565.0,119.60408050416426
312120,289,1080,-43.84696499636688,34804.0,180904385.58981016,58515199.639292635,566.0,120.77686303480198
313200,290,1080,-42.21661612216114,32698.0,174227710.3619629,56353220.43397913,561.0,114.60146340783339
314280,291,1080,-41.68272802679542,32438.0,172405696.36484194,55766370.33223002,548.0,113.47872954031942
315360,292,1080,-39.91390771861718,30676.0,166549394.78299987,53883275.95953356,584.0,107.5303821414531
316440,293,1080,-37.36285830093493,27152.0,159260242.992192,51512361.73310165,582.0,95.57149362018001
317520,294,1080,-41.76544162338176,30884.0,171325006.52201688,55416122.89864939,553.0,109.38103890506504
318600,295,1080,-46.674065578049,36774.0,178590053.1933338,57772600.315348886,540.0,129.5369205428175
319680,296,1080,-41.39802870760488,30406.0,168028567.37727597,54357461.935872704,533.0,104.40148215665828
320760,297,1080,-41.66422185673187,29842.0,166046477.3093488,53719784.71864099,535.0,105.07895805931145
321840,298,1080,-46.28874187445073,38126.0,185153462.06478378,59896012.72367732,588.0,132.25726834977226
322920,299,1080,-42.49543355384879,31536.0,174043953.0305067,56291603.71511098,536.0,110.3708490919463
324000,300,1080,-44.77966078359697,35838.0,179068683.8635225,57929725.47812473,545.0,123.05864372990585
325080,301,1080,-40.16361903832392,30082.0,167683865.65542093,54243862.31232953,572.0,103.9839705558753
326160,302,1080,-41.75377179927794,32232.0,173012921.8209235,55966233.03739284,564.0,109.0804652372397
327240,303,1080,-64.34485325869294,59098.0,238790655.08619595,77262328.25556014,553.0,196.06495213870744
328320,304,1080,-47.917251763440625,39952.0,191220361.3701575,61860995.73313756,572.0,136.42095372039884
329400,305,1080,-39.53715424524865,28750.0,165692809.19292992,53594244.889543496,566.0,98.39090553757985
330480,306,1080,-42.24264428070744,29934.0,171605159.30561697,55505136.27067632,567.0,102.68718916519475
331560,307,1080,-52.223402450029,41620.0,197959411.97909424,64027161.24569722,593.0,147.99796497236898
332640,308,1080,-42.79818685707369,29006.0,171109225.0042897,55345316.23903291,584.0,100.32283236539757
333720,309,1080,-43.76501568276207,30296.0,165066346.0597027,53402564.93782553,507.0,99.23157484026332
334800,310,1080,-41.05113786554146,27932.0,168103681.89480856,54373278.24920282,589.0,94.87130840756424
335880,311,1080,-43.967242601568074,31988.0,179639691.51534754,58102549.84999518,554.0,107.81305462064887
336960,312,1080,-47.71633648926053,38048.0,186545427.55275068,60354442.41463285,552.0,127.76366788033737
338040,313,1080,-47.7294850225897,36308.0,186390445.0673594,60291137.03892669,558.0,124.59736377103887
339120,314,1080,-44.27314716186981,33058.0,174099165.27483377,56323895.54976336,578.0,113.8395107329163
340200,315,1080,-40.57347609656458,28108.0,164616739.2519797,53250104.74760539,551.0,99.25963906471371
341280,316,1080,-46.012245783512036,33058.0,177628337.66898832,57453480.664766096,531.0,117.57494299662237
342360,317,1080,-42.81143149626294,30766.0,173566276.56761843,56142296.145429,563.0,107.20152361408744
343440,318,1080,-39.31413139382343,28824.0,165053816.76006097,53392820.48717083,610.0,101.73780165042062
344520,319,1080,-41.83547159035755,29282.0,166605918.33003557,53892542.96150129,551.0,103.92762341765261
345600,320,1080,-38.46396443696468,24754.0,157076760.1613426,50815253.0935778,545.0,87.21975943856951
346680,321,1080,-56.011102711721065,42352.0,200846128.42706513,64979422.61813547,532.0,151.30330647181108
347760,322,1080,-45.332272872271574,35510.0,183718107.00702646,59428405.4096027,560.0,121.66461919018845
348840,323,1080,-48.19951937284965,36818.0,184707809.89053717,59745660.06361503,554.0,131.5458039206053
349920,324,1080,-41.133909910765624,27710.0,165446910.6789972,53509983.57596862,547.0,99.31702683165217
351000,325,1080,-40.146061186195325,28150.0,164453919.29669878,53191209.65397261,576.0,99.74322250143305
352080,326,1080,-47.51272706677268,36078.0,183782759.31663516,59455198.22130582,574.0,128.07249855400025
353160,327,1080,-47.70538281703655,35360.0,185407288.01113734,59967968.04973022,554.0,124.23581773860923
354240,328,1080,-39.08573843284525,26876.0,160224514.4052377,51827403.9099774,573.0,95.17784068898135
355320,329,1080,-44.67905310930993,31344.0,176398924.5762509,57047817.88996234,558.0,112.74016065608144
356400,330,1080,-42.104404042690916,29850.0,168414155.16322201,54474761.686963916,550.0,106.10194990042923
357480,331,1080,-41.32312092254685,27992.0,165992433.59333086,53688645.73971727,560.0,103.19158295926363
358560,332,1080,-45.102505640454,32568.0,174945336.96942282,56595017.19838376,556.0,113.65771260047214
359640,333,1080,-52.91986877318026,40934.0,193781700.85238576,62693366.99502251,557.0,141.74428272398353
360720,334,1080,-40.95066446456679,26594.0,164398572.67346913,53171704.39181615,547.0,92.03547227379931
361800,335,1080,-46.96913549830681,32018.0,175590236.76006615,56789949.44664525,541.0,115.78456562495052
362880,336,1080,-40.469663129093384,25064.0,159891031.91214463,51716260.7024135,567.0,89.00926021670507
363960,337,1080,-47.96872348378303,33578.0,176760916.18915573,57179223.39387288,538.0,117.8272511695695
365040,338,1080,-40.66813887720394,26840.0,163042995.5616964,52738619.652630664,584.0,92.30230618395338
366120,339,1080,-44.29740765504328,30060.0,170668684.78689486,55204178.52607208,550.0,106.51863405164121
367200,340,1080,-45.23407383847139,33482.0,177963503.20465562,57570865.332503356,580.0,114.5611508325868
368280,341,1080,-45.89709358365792,33304.0,181362745.89700335,58659689.513516754,572.0,114.41835952595817
369360,342,1080,-45.32252609692311,31452.0,181930626.2890972,58840917.29648944,540.0,108.17778848653975
370440,343,1080,-40.44254431068062,27304.0,164346094.61578614,53158178.912043534,547.0,93.45957676124398
371520,344,1080,-41.559701833430296,27956.0,164414713.91119543,53179106.653996654,550.0,94.61601056209408
372600,345,1080,-43.335964808630784,32664.0,173850604.0719201,56239280.38239292,572.0,107.04668410705608
373680,346,1080,-50.703799579913756,40298.0,190257738.4763744,61554676.320992626,532.0,135.68823633610074
374760,347,1080,-61.74610685893269,54352.0,231111497.5589386,74770523.37216862,546.0,180.47305678232945
375840,348,1080,-44.27720774875017,33872.0,176811245.06961766,57198631.50840597,543.0,111.50257279717216
376920,349,1080,-435.2238955753304,555216.0,955743288.6200433,309447719.46314967,351.0,1912.9483630275079
378000,350,1080,-43.054535295748714,30324.0,170309216.84655493,55089259.74829508,534.0,98.21141567843917
379080,351,1080,-669.4016323348501,963894.0,1537846770.8386931,498118124.5896218,278.0,3040.91502908107
380160,352,1080,-43.496491985022274,33696.0,179873844.71029216,58183386.183495,558.0,109.5988748495431
381240,353,1080,-51.36651740315615,42502.0,202839104.22157037,65619578.27832946,560.0,138.49819446165864
382320,354,1080,-41.6637447877542,31120.0,173188864.53136635,56017651.016936734,565.0,104.27532633429952
383400,355,1080,-43.70695629995846,32814.0,178047918.0495272,57591707.54645368,551.0,107.98265433676666
384480,356,1080,-567.4590513069854,843554.0,1374158841.0800886,445112145.9904922,320.0,2581.335376859726
385560,357,1080,-467.6626419063915,696022.0,1174569022.789534,380512565.60296243,382.0,2092.419206651817
386640,358,1080,-42.020598784815064,32854.0,171645172.03281802,55540362.880988374,522.0,106.45636713954885
387720,359,1080,-44.054238911494835,34486.0,183691130.30214965,59417940.64107119,534.0,111.43508997950349
388800,360,1080,-418.6159286467919,549114.0,952926561.9644916,308555888.3614238,371.0,1851.7018579890257
389880,361,1080,-42.744523998950015,33320.0,172083034.3253359,55677043.624291055,526.0,107.38542545310342
390960,362,1080,-42.51520635052668,33376.0,177113286.14436126,57291599.96428122,571.0,110.72181464149944
392040,363,1080,-41.2476609151001,30848.0,170343418.27107948,55107726.602832355,558.0,100.02847017855791
393120,364,1080,-495.6015773145426,692468.0,1146727077.2578902,371392715.6902403,342.0,2214.1351612636367
394200,365,1080,-429.48828540911006,604714.0,1037052220.3085386,335842624.87633276,371.0,1928.082694856061
395280,366,1080,-46.57348926203126,36122.0,184581605.8338922,59713579.314398624,542.0,120.86468431103343
396360,367,1080,-41.60205707085758,31340.0,173658533.9226133,56177530.90283417,580.0,102.9754282531811
397440,368,1080,-50.74344299088765,40786.0,201831149.90371862,65282250.66803811,539.0,135.58957008273651
398520,369,1080,-40.807038263024424,30566.0,171370958.04630473,55429603.39873664,582.0,100.38811715173627
399600,370,1080,-50.74991121786735,41750.0,197294326.1890691,63826362.404621765,548.0,136.5985927813715
400680,371,1080,-40.23601326759254,30688.0,168614827.6672238,54552044.54124412,545.0,97.99703293417403
401760,372,1080,-772.2392399993288,1125130.0,1752731951.1751096,567735735.6358031,212.0,3548.182362318874
402840,373,1080,-48.94978544964543,41844.0,197158199.3660613,63782333.63917455,567.0,137.77529227025184
403920,374,1080,-58.88598852726659,50768.0,222825908.65836555,72087933.35791002,511.0,166.7970356007906
405000,375,1080,-41.009951240784574,30764.0,169950941.79001418,54975952.02917733,546.0,102.75019658334878
406080,376,1080,-41.59571791820305,30502.0,169190719.56049043,54733054.395887114,521.0,102.2159951603018
407160,377,1080,-41.78871126601123,31962.0,169244456.03518045,54757696.95326391,552.0,108.20522637951632
408240,378,1080,-53.51907164652678,46548.0,207753219.25257084,67215353.74951328,554.0,149.53405954923272
409320,379,1080,-46.597881561912295,34698.0,185541142.31561488,60014217.545082845,559.0,115.6876730816879
410400,380,1080,-43.04087900271419,30966.0,174197829.5860578,56342486.57984258,567.0,105.5059592632339
411480,381,1080,-41.988911498575646,31050.0,174122146.41272578,56323621.415229954,585.0,103.30798737140566
412560,382,1080,-42.03079614748806,30098.0,172767786.43127158,55885104.34562317,549.0,99.49320650496077
413640,383,1080,-44.967383800122995,31666.0,171009238.21398637,55320661.90255108,522.0,107.8827638213612
414720,384,1080,-73.8882272399766,70264.0,260347151.21113256,84239285.76109572,566.0,228.98413124832973
415800,385,1080,-43.957702386646275,32672.0,177455941.60961163,57410452.25733276,550.0,105.71048648759316
416880,386,1080,-53.56343276006184,42354.0,201432706.90855506,65158489.643094085,554.0,142.76792277495613
417960,387,1080,-42.664942613011014,31320.0,173798791.21797162,56221430.31329673,569.0,101.09890604533841
419040,388,1080,-38.19629480520205,26058.0,159329283.66530234,51538790.831176884,570.0,87.38505878903983
420120,389,1080,-45.3449720571689,33722.0,178360086.59478533,57695369.03559535,544.0,113.59286741572058
421200,390,1080,-42.077053367626256,29458.0,172612865.32691014,55830285.0081088,554.0,100.57258851791215
422280,391,1080,-40.35640610863656,28006.0,163975401.2799159,53039211.511617705,555.0,96.25996213935505
423360,392,1080,-43.27461252761488,31408.0,172514011.50691438,55804057.49208253,572.0,109.67716682544324
424440,393,1080,-39.55985682835025,28740.0,164191583.54350865,53109099.37263921,555.0,99.94640451453773
425520,394,1080,-50.18683480202471,40086.0,194128565.12880647,62796145.68816761,531.0,137.89723479691062
426600,395,1080,-40.65934452869287,30724.0,172420804.1597716,55772922.53641831,566.0,104.45755807896293
427680,396,1080,-40.48795635965797,29082.0,166106536.66727242,53732894.594557285,539.0,100.41172050025888
428760,397,1080,-45.2233838252975,36610.0,186572927.51597074,60351737.91925874,583.0,123.32850664626481
429840,398,1080,-42.48742408070009,31092.0,170440528.9851967,55138891.44716219,549.0,104.17404425493889
430920,399,1080,-43.14618025087888,31934.0,178886807.96669945,57862521.68698472,582.0,108.90222507227304
432000,400,1080,-55.4362869524124,46176.0,209406225.03378728,67741425.1945433,578.0,155.97243374842526
433080,401,1080,-40.76818121543355,28318.0,170331654.28341064,55091005.242749326,582.0,94.8053823897123
434160,402,1080,-51.225854584654414,40770.0,191832789.52041134,62061876.0529704,552.0,135.52043317246745
435240,403,1080,-40.70987369433817,28520.0,167555727.92354235,54196289.202867076,548.0,93.89554378977691
436320,404,1080,-42.47441641181731,30412.0,173673274.21898073,56172964.00219929,580.0,103.65982075391389
437400,405,1080,-37.95883594953251,27028.0,156312376.35787266,50574899.670670725,548.0,90.68801129905118
438480,406,1080,-52.00931236841721,42508.0,198088758.1982753,64086027.482560374,540.0,144.88105826283658
439560,407,1080,-49.832392613699454,38926.0,192491192.51792377,62263108.72348906,515.0,132.61509469985305
440640,408,1080,-46.94659838017717,36732.0,185967979.6838776,60155819.8290792,539.0,125.77340607375118
441720,409,1080,-49.35033815387831,39596.0,192787817.9238548,62366119.93536969,570.0,137.31242064472602
442800,410,1080,-49.73647365832029,40162.0,200355903.04461393,64811140.92228417,563.0,132.9753685898599
443880,411,1080,-39.142826254910375,28004.0,165891495.67745808,53656874.32562136,560.0,94.39679917977163
444960,412,1080,-47.19951920487553,36362.0,185148393.09838378,59893682.83305241,543.0,123.28748077853183
446040,413,1080,-39.273306330096474,28074.0,162654670.53710642,52614659.435685165,563.0,94.80825476463245
447120,414,1080,-41.51432819560527,29876.0,167239472.13577116,54104813.21662135,553.0,101.54250221940758
448200,415,1080,-40.42414348745881,27890.0,164872973.35616887,53326986.59402334,544.0,95.79608310534923
449280,416,1080,-38.86850396785913,28550.0,164690784.74660918,53276856.28617776,576.0,97.05688524364183
450360,417,1080,-75.0313445793636,67346.0,260367125.50201222,84230159.78982183,538.0,235.7378763352066
451440,418,1080,-43.41544466105033,30736.0,178825311.69076553,57832910.549884744,546.0,108.7641350395465
452520,419,1080,-42.26097252791971,29622.0,172450897.75357628,55772113.64279166,545.0,104.25946755584938
453600,420,1080,-38.569422333032506,27494.0,158392007.39997658,51238627.21704814,585.0,94.03653349631385
454680,421,1080,-39.732785461802976,28112.0,165624591.2517136,53572323.12499813,551.0,96.94404586041229
455760,422,1080,-40.358813119387065,28422.0,163449842.7971837,52874277.13100758,559.0,97.40019775809243
456840,423,1080,-40.595416665055964,29684.0,169088159.77070016,54696187.21880447,554.0,101.01561381220523
457920,424,1080,-48.300525944614876,37066.0,185073047.90940273,59873238.92985828,552.0,128.0924376898374
459000,425,1080,-40.200127087789916,28992.0,168536080.3593953,54512114.34239268,554.0,99.25490380749133
460080,426,1080,-45.50792019968641,33748.0,182515596.5365833,59031391.26794557,576.0,114.18596813085003
461160,427,1080,-41.89750051113529,30044.0,167667538.5952389,54240911.44294339,553.0,101.01563027863135
462240,428,1080,-38.19479147716431,27166.0,161294009.30945802,52174513.24693371,549.0,92.45272477146356
463320,429,1080,-40.27062717237735,28704.0,164760185.79116696,53301747.93122666,560.0,97.84683831917636
464400,430,1080,-39.60619648454335,27242.0,160724104.89981103,51994326.58022988,572.0,94.38000296418532
465480,431,1080,-40.06646269258576,27290.0,163993254.8079151,53046861.926404126,552.0,92.61545008890576
466560,432,1080,-40.424130204308426,28650.0,166593154.26680562,53882110.61310584,568.0,100.2127688497383
467640,433,1080,-48.238550460583824,39388.0,188911709.11990044,61115451.01986697,584.0,134.4894888660965
468720,434,1080,-44.138152688528805,33568.0,175484886.07380012,56775438.26548211,547.0,112.78984220467494
469800,435,1080,-39.346447839342225,28502.0,166682781.0810216,53915850.12878054,598.0,98.29912825428435
470880,436,1080,-43.60528916374376,31956.0,174316829.02094,56386168.52050317,558.0,109.30963011882936
471960,437,1080,-40.91650713982244,29838.0,168396738.21937224,54472672.365997195,553.0,101.4320726503075
473040,438,1080,-47.47427233884889,37004.0,189225867.56826964,61201828.60609966,554.0,128.6259151917689
474120,439,1080,-38.69435943298498,28340.0,163524906.97448817,52901108.68109156,585.0,96.05277121984064
475200,440,1080,-41.87700089416778,29910.0,170647035.42536432,55204406.104033224,521.0,99.4109549739089
476280,441,1080,-39.24050695885602,29242.0,162574570.25259277,52591442.01531913,550.0,99.7336845616271
477360,442,1080,-41.8774514114312,31648.0,172693127.84174034,55864254.41326031,538.0,109.1382033469149
478440,443,1080,-43.95524251448234,32736.0,174737860.36936566,56524360.12650816,536.0,115.46724245513371
479520,444,1080,-42.34223496127049,32370.0,174402642.06807193,56412033.1155833,547.0,112.24097139161896
480600,445,1080,-41.1754552046292,30450.0,173470750.7396212,56104616.73690969,536.0,104.56777809300749
481680,446,1080,-53.95498230333172,46594.0,204392827.97375157,66144006.63809693,550.0,152.28037111656596
482760,447,1080,-39.69644307849392,29292.0,165410121.44425583,53510320.920278,536.0,99.76833376799196
483840,448,1080,-44.31310823333343,36630.0,181709273.72066113,58788504.905056216,577.0,122.00573890286425
484920,449,1080,-48.63376101492156,39694.0,191090657.93658492,61819265.279664956,572.0,136.6008944728075
486000,450,1080,-39.957682637684286,29888.0,168405635.53893232,54479249.21247341,563.0,102.55181281931877
487080,451,1080,-41.28522009730093,30910.0,168257026.77720517,54426796.51022618,555.0,107.36300402152652
488160,452,1080,-47.0126323886911,40634.0,193231510.8060176,62510753.23711237,598.0,136.31585313449366
489240,453,1080,-56.90493404777402,48764.0,217368912.95133504,70322853.96681605,540.0,161.85551099562372
490320,454,1080,-41.78020342946797,32008.0,175237750.46544418,56680042.384173356,581.0,111.52426389410131
491400,455,1080,-46.34773040578763,37898.0,185990487.59668988,60168497.584152706,568.0,130.90069167967715
492480,456,1080,-43.72557556304879,35250.0,181647302.13965285,58760396.34290437,556.0,117.93197125883059
493560,457,1080,-38.744547940486434,29246.0,163699258.03985843,52957612.51934971,544.0,98.05786762082579
494640,458,1080,-38.33731130065573,28896.0,162767770.49147832,52651501.052885115,544.0,99.97985677402978
495720,459,1080,-40.569007692417316,30588.0,171736423.94594496,55546032.34794066,559.0,106.64807044028173
496800,460,1080,-39.99503058960522,30330.0,169651259.39459306,54877228.30117311,572.0,107.66933396520669
497880,461,1080,-44.99664409883895,33206.0,178939216.27401927,57880763.36688808,557.0,119.39139766737641
498960,462,1080,-40.55215247312576,30522.0,169520001.29433274,54833721.04215329,550.0,108.3460465728393
500040,463,1080,-38.462041911462045,29154.0,166369212.30427665,53818038.92975856,553.0,99.01709096326233
501120,464,1080,-38.70260335039383,29182.0,165336650.7206194,53483294.73055803,548.0,100.0689786440508
502200,465,1080,-39.886178743504196,31104.0,167578432.48181868,54211968.437997006,565.0,106.85053968305428
503280,466,1080,-49.492727486836145,43020.0,203436234.08741063,65812832.157284044,578.0,145.22577902899187
504360,467,1080,-39.300533760015774,30246.0,170093328.49880472,55023713.09413718,559.0,104.78522627162344
505440,468,1080,-57.466178088831484,50760.0,215472996.90560213,69709945.85245916,550.0,173.69114320322151
506520,469,1080,-45.969734096908844,38866.0,184314197.87849733,59633558.702376775,575.0,131.68873739203337
507600,470,1080,-38.66179440374839,29224.0,168801945.41720206,54597980.89324229,564.0,102.37337925422848
508680,471,1080,-40.88547499020162,31130.0,170545478.7615768,55173768.487613514,558.0,109.08731676045147
509760,472,1080,-42.245434810589856,33852.0,174334112.13134795,56397917.53892198,569.0,113.9058993331438
510840,473,1080,-40.53289740823377,31644.0,175213022.05334002,56669349.26486167,559.0,109.10421542205046
511920,474,1080,-38.87959747609281,30300.0,169056968.25122693,54686552.50499448,606.0,106.34518148080248
513000,475,1080,-52.31857056819261,46590.0,208423419.62828732,67423558.87906593,556.0,160.41394729236538
514080,476,1080,-40.41187975769343,30462.0,170130390.94316015,55029741.200004704,570.0,106.9191885157865
515160,477,1080,-42.337385190076894,32952.0,174565192.34021807,56465820.060139194,554.0,115.30971938742209
516240,478,1080,-41.761124492962026,30942.0,167312428.14706156,54130214.67960741,526.0,108.80788394577426
517320,479,1080,-42.30938512089282,34698.0,179936517.39442092,58206294.216731615,600.0,120.63916556503553
518400,480,1080,-43.36360517963352,34298.0,179068370.18390337,57927919.198815785,575.0,118.81746860613318
519480,481,1080,-52.43580155823888,45300.0,199651076.58141166,64603280.10581717,547.0,152.24765758752474
520560,482,1080,-42.69039566435934,31118.0,165821736.54667476,53649187.78945047,532.0,110.42915507951031
521640,483,1080,-43.158147038206096,33776.0,174924356.7951039,56590475.35542811,548.0,116.53017003374968
522720,484,1080,-38.36461732623086,27794.0,162784153.79598227,52656885.1470677,571.0,97.69401728796367
523800,485,1080,-47.90838565135782,39594.0,190646751.74805847,61686186.81110782,564.0,136.6691521344515
524880,486,1080,-46.80263624923625,36338.0,182968154.48102975,59183800.121426694,554.0,125.91321425338782
525960,487,1080,-48.35108828767986,35360.0,183358558.49954522,59306224.12036357,531.0,130.82424312076884
527040,488,1080,-40.88726043957193,30704.0,172967344.0998282,55942323.13356924,558.0,108.15853918521745
528120,489,1080,-39.42582425577879,29134.0,167238843.67877716,54090950.60231271,579.0,105.47622474815783
529200,490,1080,-48.22201679347425,38286.0,188729570.8294739,61059449.66075962,524.0,131.87493853690364
530280,491,1080,-43.567977834594345,33400.0,178975011.51165703,57890452.90280635,549.0,117.21363674992038
531360,492,1080,-46.04821275012222,36982.0,182707749.26348436,59102635.252633,539.0,127.69778434368108
532440,493,1080,-42.139304923996804,34036.0,178687116.43313235,57800138.746661246,576.0,120.9720741833549
533520,494,1080,-37.7190473848613,29084.0,161141407.30838606,52134651.05068403,571.0,100.42080657220855
534600,495,1080,-48.738571077389246,38736.0,192653419.4232979,62315158.80806309,548.0,138.74118025347
535680,496,1080,-41.002560445212225,31426.0,168133334.44623455,54389429.28966007,569.0,113.28178300412536
536760,497,1080,-38.71873732118534,29292.0,163147518.70143497,52783095.548445396,563.0,102.37754976244884
537840,498,1080,-43.855896531582324,34438.0,177967315.16226512,57566626.36150562,575.0,118.28325151377676
538920,499,1080,-40.79598983603489,29794.0,165095499.5308872,53410757.02578205,583.0,109.21423963114015
540000,500,1080,-40.06883740866945,28228.0,165595636.56877548,53566551.98815909,544.0,99.366917404086
541080,501,1080,-57.077112566437734,47430.0,207411276.80290207,67104810.41258519,507.0,166.47881313881442
542160,502,1080,-38.43721792151608,28018.0,160336450.86419445,51866676.795588866,569.0,98.25997463313713
543240,503,1080,-43.497602455565726,31564.0,177675225.8656527,57459789.65796065,541.0,114.4968191691649
544320,504,1080,-44.53662993338648,33224.0,174808270.10673743,56549015.3396411,556.0,120.35137422544521
545400,505,1080,-46.92361905304412,35234.0,179252984.66659832,57988622.682052635,546.0,126.5618775641241
546480,506,1080,-41.80527532090512,29620.0,164291329.20114127,53149615.63914405,545.0,104.3351841496107
547560,507,1080,-40.28371602834356,27536.0,162374229.59371296,52522992.76899337,559.0,99.81967331353661
548640,508,1080,-44.80290293237767,31636.0,177238157.17360282,57327492.89914275,553.0,113.92189885115337
549720,509,1080,-46.48301532542054,36510.0,184830253.9882541,59787046.59669959,565.0,125.62348621282145
550800,510,1080,-39.68869920103312,28000.0,162956226.0135214,52706320.41011391,591.0,97.70177883851022
551880,511,1080,-72.27522856829061,67658.0,259324800.65177867,83914082.18729325,577.0,226.27744823057662
552960,512,1080,-38.73791843209287,25896.0,158447031.27654123,51254547.72911861,559.0,88.30186618095304
554040,513,1080,-44.896032640269134,32840.0,174513590.54820865,56457397.25872168,548.0,113.97466900892276
555120,514,1080,-43.88851784091443,30698.0,174383634.57916057,56411774.562742725,561.0,105.69061229268978
556200,515,1080,-45.00940779117042,34004.0,179273069.21316704,57994929.86377184,561.0,115.95872627562407
557280,516,1080,-50.08757896295751,39202.0,195464787.6603805,63230192.388562314,564.0,133.7314123130194
558360,517,1080,-38.99921894069659,27650.0,161171710.5933064,52136904.86944564,580.0,94.17246586314619
559440,518,1080,-42.71159576893689,30414.0,172023232.35974672,55640448.67559933,566.0,106.53255714788511
560520,519,1080,-46.14744992082207,36338.0,180194496.36168647,58301724.6346101,568.0,119.44003690676209
561600,520,1080,-50.803226090334576,39742.0,190510257.2704791,61629162.92493057,527.0,136.70834397775317
562680,521,1080,-43.925903669590085,32890.0,177296183.1416643,57346860.89226706,557.0,113.23071110946266
563760,522,1080,-38.91662370895992,28286.0,163442702.27920258,52868612.820758164,561.0,97.72947540132925
564840,523,1080,-49.50165167809867,37740.0,190233246.59117812,61537367.007532075,546.0,131.51461813942944
565920,524,1080,-54.938614506464205,46166.0,207675104.80117416,67185441.16259222,542.0,153.70580851058125
567000,525,1080,-46.1112700487745,34114.0,175661660.82218483,56829828.46053058,558.0,116.14979488396345
568080,526,1080,-42.3736013224422,30324.0,170750242.35966462,55232901.146386445,553.0,102.85404620793997
569160,527,1080,-46.72187792248003,36106.0,186294166.65775713,60264295.143793784,583.0,117.80042659947429
570240,528,1080,-42.910189089063394,30948.0,172589650.95528525,55832206.24901886,527.0,103.39151360474571
571320,529,1080,-41.12357531051822,28302.0,165632943.82909024,53575909.67434175,559.0,97.41374979361844
572400,530,1080,-52.96954985439031,39952.0,197516263.43531278,63887010.59729578,502.0,135.42010916927418
573480,531,1080,-45.816743912973294,35080.0,177776368.60162777,57512936.73078492,569.0,120.83977352467424
574560,532,1080,-39.04960391009705,27328.0,163072927.44649506,52747132.33757735,567.0,93.15227397475206
575640,533,1080,-43.09756935057047,31452.0,170763170.49263823,55239824.406959295,565.0,109.01575464560423
576720,534,1080,-42.2063106754105,28950.0,171771949.70356926,55558255.68196242,531.0,100.50160510758323
577800,535,1080,-39.8680673606691,26566.0,161829080.91218236,52341684.32014089,591.0,97.25789157151996
578880,536,1080,-44.65277619524376,33252.0,179421364.31601217,58035896.637676984,573.0,113.69373082787007
579960,537,1080,-46.853320380748045,36938.0,181980265.49282277,58874080.127261676,533.0,123.88911692948376
581040,538,1080,-46.270288356011065,37018.0,183692699.91238418,59432501.45044977,562.0,123.39166749029279
582120,539,1080,-39.54799401111737,26868.0,163534671.0584562,52895132.24286373,566.0,94.664553832261
583200,540,1080,-39.48560895823732,29410.0,163900911.64239955,53027735.25540234,597.0,100.92781016237262
584280,541,1080,-49.96410389392335,39014.0,193571855.69657668,62617058.35946729,558.0,134.26037139713327
585360,542,1080,-47.18279776076336,36730.0,181485358.33144718,58713384.06106899,541.0,122.09479282861895
586440,543,1080,-46.581090088012864,36384.0,184962637.30051246,59832738.83676407,561.0,122.6643002259028
587520,544,1080,-40.47326129981788,28544.0,167390067.1706619,54144574.74287847,581.0,99.37404165276122
588600,545,1080,-40.07661254429283,27076.0,166341235.17352176,53798244.2639022,573.0,95.96867090452012
589680,546,1080,-39.15529552496817,27376.0,162420494.57889956,52539829.96550966,559.0,94.98141035120882
590760,547,1080,-39.76014809862899,28182.0,163747035.33514443,52970691.77518857,583.0,96.53305267557862
591840,548,1080,-40.51953810175198,26170.0,166923938.99504384,53978792.51169251,558.0,94.19983390261885
592920,549,1080,-40.34670611226423,27658.0,162638660.65948722,52605706.06454333,538.0,96.20481492233726
594000,550,1080,-44.59743114958973,32228.0,173049874.79812828,55979464.02179254,547.0,111.69530794585211
595080,551,1080,-40.70883848287926,27598.0,166252474.04478225,53774755.04065743,568.0,96.85124811433914
596160,552,1080,-42.68735671549747,30380.0,169825951.8206392,54931739.629192255,570.0,105.82110672032339
597240,553,1080,-46.865355016962994,35052.0,180734747.4619658,58467082.141904764,570.0,123.48801622377488
598320,554,1080,-52.10178017708185,41438.0,197454805.68423718,63874599.26386266,558.0,145.1752593503814
599400,555,1080,-42.05882424698349,30310.0,167114177.67949963,54059013.12272361,573.0,109.25480702219862
600480,556,1080,-39.088349271888056,26708.0,158506764.34341282,51274782.15809623,569.0,96.01664535257258
601560,557,1080,-42.214373958813354,30336.0,168668757.61848572,54561286.59012644,596.0,106.26032036682615
602640,558,1080,-41.10689923768591,29054.0,167938689.61052707,54323576.03442337,591.0,102.64452860320218
603720,559,1080,-44.00627305128894,33036.0,171799501.90271196,55580325.07730218,556.0,113.53011311755584
604800,560,1080,-42.33668246742866,29764.0,170522568.79667237,55155018.34112259,570.0,105.04761233589036
605880,561,1080,-42.227207866012094,27992.0,169237087.02872372,54731776.40102495,552.0,101.59086973267972
606960,562,1080,-39.60065538028818,24794.0,158158228.87312695,51153405.05156786,536.0,87.08967653287057
608040,563,1080,-38.81958234162773,25432.0,154504549.35278273,49982021.99522535,538.0,89.08854332500759
609120,564,1080,-47.05798619837624,34306.0,177962433.74173686,57568545.83445629,536.0,120.06122259616062
610200,565,1080,-45.934924882307655,32024.0,171713515.1645219,55553813.20407057,546.0,111.47239273636093
611280,566,1080,-42.97639887210322,27968.0,172537018.43741578,55802744.79621323,558.0,99.45025662170929
612360,567,1080,-42.22091504096417,26690.0,164734960.1473287,53283223.04186283,546.0,95.69004693573262
613440,568,1080,-39.977631447013856,24102.0,156461241.1040879,50608440.39689573,534.0,85.27359236547278
614520,569,1080,-42.524185381682585,27138.0,162985685.0126876,52720815.640029274,498.0,96.204038347238
615600,570,1080,-50.94410066388792,40400.0,195446433.4394359,63227837.25325365,569.0,137.82749232056292
616680,571,1080,-43.315144449133314,31998.0,173163553.7917724,56017732.99225691,593.0,111.14604704976925
617760,572,1080,-39.02202134986129,25320.0,156392122.14217463,50592401.52877639,555.0,88.9884842688913
618840,573,1080,-40.39773542443463,28070.0,165619350.71495852,53566921.515771925,573.0,98.31894807537265
619920,574,1080,-53.653742409021035,45124.0,198773609.56396696,64320083.343687,552.0,146.959697654613
621000,575,1080,-56.00284545947167,44680.0,211651295.62759846,68475863.56164995,531.0,149.04664691665116
622080,576,1080,-39.25299474259719,27164.0,164366522.9165094,53169304.62704038,592.0,91.28689881151382
623160,577,1080,-39.210898950528275,25430.0,157100976.72440168,50814964.53846721,563.0,87.28796112784096
624240,578,1080,-46.53028904559995,34844.0,183761920.67687666,59439775.592294805,574.0,119.71692266486612
625320,579,1080,-52.01765137109068,42058.0,194411156.75402275,62904529.166000634,553.0,138.51775119495295
626400,580,1080,-41.019475442212126,27050.0,161570438.17480102,52267950.55978268,551.0,90.29894753517803
627480,581,1080,-73.71310038730542,62010.0,237525308.02562654,76844916.60567653,529.0,223.14279916224623
628560,582,1080,-40.43572197920169,27776.0,164810926.1005285,53310901.869464986,566.0,93.62225610471472
629640,583,1080,-48.39801670434849,34522.0,182057061.64903352,58887030.32139248,558.0,121.8022430849475
630720,584,1080,-45.92975808043933,34370.0,179667935.44767374,58124897.75815058,591.0,116.72133318875052
631800,585,1080,-49.51636661080977,39044.0,188161000.4252724,60877320.2852458,544.0,129.29860674795992
632880,586,1080,-40.438123066359836,26836.0,163416345.17563972,52854921.72153889,595.0,95.15628480073494
633960,587,1080,-53.372725300912506,43216.0,197517118.1362078,63901800.532626815,579.0,148.9966105444075
635040,588,1080,-40.44545951869643,27374.0,162889012.0173162,52691833.50232479,531.0,92.83313591027579
636120,589,1080,-52.98540329371117,39108.0,199519868.06398737,64530371.07159248,519.0,139.57935208155428
637200,590,1080,-531.3804220911265,711194.0,1264256397.7473152,409413468.22687644,389.0,2340.72547581901
638280,591,1080,-69.6505537399365,63626.0,252127999.2969952,81572258.53015783,579.0,214.19632230078867
639360,592,1080,-40.64849027579224,26768.0,161034707.9480316,52086907.86894002,563.0,94.14001143511082
640440,593,1080,-39.173825623963666,28256.0,163033758.80561972,52741838.36280478,571.0,95.33789990523505
641520,594,1080,-58.018953765243594,47182.0,216538317.08339927,70046493.06640132,538.0,160.0903077722261
642600,595,1080,-42.68213471421878,29358.0,167432007.61193207,54160507.58823147,560.0,101.39799562150581
643680,596,1080,-50.96683048921938,42248.0,197606431.72710183,63927524.49311106,572.0,140.02876037500482
644760,597,1080,-41.089235957479154,29440.0,167872528.0750774,54304215.30153051,565.0,99.94870432119785
645840,598,1080,-39.65541240670889,27110.0,160119638.02646428,51798604.339881584,565.0,93.13303938737728
646920,599,1080,-41.72022420062777,29268.0,165398140.9904434,53503424.543294676,547.0,100.59810454545129
648000,600,1080,-46.35289163707928,35898.0,182523075.04525045,59052212.27121444,558.0,119.09090214150464
649080,601,1080,-46.180183440039784,34184.0,176926100.3692656,57241811.650159866,551.0,118.15219509845863
650160,602,1080,-40.49568576965492,28314.0,163617586.9671323,52928727.239039496,543.0,96.98544670350752
651240,603,1080,-48.0654665162172,35110.0,180850358.03833058,58505185.90435824,526.0,121.42001283452872
652320,604,1080,-45.984879078466534,35026.0,181539110.39660907,58726746.58203528,557.0,117.1345090813033
653400,605,1080,-39.92038985087317,27174.0,165266098.6796438,53455773.93873609,590.0,94.27227161958078
654480,606,1080,-45.660513437867245,34238.0,176003812.1005723,56940591.322043374,568.0,117.2480814335344
655560,607,1080,-48.83475003087602,37066.0,185101574.6554222,59890078.24566793,589.0,127.64194646445885
656640,608,1080,-56.97757276456887,46778.0,207583876.81158617,67158533.96761058,593.0,163.00421936504702
657720,609,1080,-49.50965153149376,37902.0,186609183.20821995,60356813.3234923,558.0,131.17804825857425
658800,610,1080,-41.772007803635915,27474.0,166740811.05189744,53931531.882145554,547.0,97.06772481058442
659880,611,1080,-44.287636661217704,32306.0,176427993.71048248,57061379.80851414,572.0,112.97389090495037
660960,612,1080,-37.687862034182515,26244.0,161370152.43212894,52199103.43836694,597.0,89.00769403729173
662040,613,1080,-46.74520333572525,31910.0,175013481.6275409,56606251.791081354,566.0,119.50573629600106
663120,614,1080,-40.632451090466745,26388.0,160846865.4532741,52025031.916836806,534.0,92.66712298624824
664200,615,1080,-39.45762607649765,26742.0,160398379.08538747,51888496.71762445,580.0,92.5563319143976
665280,616,1080,-63.605718468189984,54870.0,228011416.2775952,73784518.10637571,533.0,182.67401237826468
666360,617,1080,-40.112227158446444,26886.0,163924082.40160215,53015793.70881864,569.0,96.31724876758666
667440,618,1080,-41.98194496534403,28114.0,166915612.99231502,53979854.48628519,567.0,101.33198698543868
668520,619,1080,-41.04600479988531,29098.0,164356828.83028197,53171796.47301294,576.0,99.6717347409266
669600,620,1080,-48.49531467796318,35902.0,181652791.6058163,58765818.96812787,554.0,125.30784281268167
670680,621,1080,-40.84634877377758,27350.0,162027533.11594775,52411181.91041397,552.0,97.10342347989184
671760,622,1080,-40.584620349260476,26586.0,161764888.8313231,52325675.57791229,562.0,96.95304828391575
672840,623,1080,-39.60150559760293,27342.0,164286736.08673367,53135448.17044691,590.0,96.16510612513798
673920,624,1080,-41.63223893502797,27998.0,165260935.56534708,53454733.59097103,569.0,100.63463007832424
675000,625,1080,-46.73254817792184,34984.0,179786286.20655525,58162074.063724466,545.0,121.9605563832244
676080,626,1080,-40.755778903506936,27682.0,167284177.11662266,54106016.06686423,576.0,96.74563118817302
677160,627,1080,-46.351712531814435,33636.0,177506503.14316088,57418499.95718349,564.0,118.15044911942269
678240,628,1080,-68.49350159580203,62604.0,241379714.48410594,78119911.5445849,563.0,203.33980659760743
679320,629,1080,-54.57781452022588,41726.0,194242655.8378961,62844729.75244162,567.0,149.30711675178827
680400,630,1080,-42.625499550091476,29224.0,168415841.54049724,54474931.45396051,582.0,105.94971137103342
681480,631,1080,-42.98185122330283,28064.0,167760552.37112513,54252743.616234876,538.0,101.59713440798532
682560,632,1080,-41.480977981327094,25974.0,159734030.62727472,51671720.76228859,550.0,93.25086678451567
683640,633,1080,-46.77313939443682,32480.0,179100449.60439825,57932701.917626575,555.0,116.43730831166633
684720,634,1080,-46.4472267068041,34410.0,177016528.71338245,57271686.74582431,543.0,117.32905163315878
685800,635,1080,-41.1012517412981,26096.0,160498945.29953766,51912360.20831757,567.0,95.04690673894383
686880,636,1080,-48.24783813662792,33832.0,180231785.4369603,58298745.749984615,578.0,122.55496612004077
687960,637,1080,-43.56507059257447,28070.0,167778419.60928223,54263698.43488195,548.0,102.142800938141
689040,638,1080,-45.98182218320801,33190.0,178113154.55237475,57616235.304436415,568.0,118.41176557392542
690120,639,1080,-43.2270590271705,28936.0,169175093.3026378,54720377.477793686,579.0,104.20780384989675
691200,640,1080,-52.60295514044003,40348.0,195944273.16165188,63383906.38413161,559.0,140.97858653209173
692280,641,1080,-41.64219869698846,26384.0,159791181.00170568,51687536.64689491,553.0,96.30590919317405
693360,642,1080,-38.765241505882756,25150.0,157556073.74387917,50958104.101365305,575.0,91.68259186894514
694440,643,1080,-49.78275622256379,37532.0,190615916.44054112,61664201.51915931,567.0,131.60449705930736
695520,644,1080,-44.46472049733653,32900.0,175250218.8323943,56699723.4302204,558.0,112.45296767024801
696600,645,1080,-40.730721503258124,28508.0,162176529.10997537,52466097.16653409,582.0,101.47282280085692
697680,646,1080,-40.18653796405205,27724.0,161510915.72849882,52245031.429405816,540.0,98.47874246025502
698760,647,1080,-49.647377827873655,39350.0,191579323.41901386,61973176.09930293,587.0,137.459069255404
699840,648,1080,-45.20805566758317,31994.0,172610357.58496016,55824634.503783,560.0,114.46819182748182
700920,649,1080,-40.3956622320067,27362.0,157577702.6857328,50978727.20111118,545.0,97.52996242977729
702000,650,1080,-52.96372320270761,46094.0,205341538.29669893,66442458.159274474,570.0,148.51513472615076
703080,651,1080,-43.39328939327247,30880.0,170684813.85892874,55215418.97162001,556.0,107.0471605252639
704160,652,1080,-43.452460260857926,31128.0,170332122.45731026,55097121.560984254,563.0,111.0854929991367
705240,653,1080,-46.46169261790797,32314.0,176334134.37925068,57041357.35751094,553.0,117.62690376662677
706320,654,1080,-40.93193612364922,26908.0,165081649.43376526,53396288.27951185,555.0,96.39324302910815
707400,655,1080,-55.05578016449394,43682.0,203763497.76229277,65914429.45354308,590.0,155.25312977898278
708480,656,1080,-41.55331079109661,28102.0,166593979.02878788,53884350.53665551,551.0,98.79013223245593
709560,657,1080,-39.08197684521456,26356.0,157727978.5435598,51026293.60839283,565.0,91.14760934756578
710640,658,1080,-54.80089419739183,43508.0,203618924.0031424,65871013.00238673,554.0,155.10800317924992
711720,659,1080,-38.90518580116809,25364.0,156355643.2309824,50576714.19244591,556.0,89.63011792564565
712800,660,1080,-40.44485039286218,27016.0,161507492.80470768,52239553.13092751,537.0,96.02132773663317
713880,661,1080,-41.4768086478966,28744.0,165745830.22167674,53618513.6996877,548.0,97.44094717051232
714960,662,1080,-44.93143623670677,33670.0,175644704.94646037,56821194.38772033,581.0,113.90078641028136
716040,663,1080,-42.439659913398295,31544.0,171661818.84969935,55531005.211695254,574.0,105.96944924961825
717120,664,1080,-41.20102717193585,27350.0,165384256.17730606,53487107.354161195,553.0,96.62204829194938
718200,665,1080,-48.080570646085214,38358.0,185887351.421484,60139524.39185654,550.0,127.27885738989066
719280,666,1080,-43.40899946265163,31136.0,171996325.00427806,55631590.29896808,554.0,108.25766579385895
720360,667,1080,-43.20065454707126,31392.0,172262900.08613765,55721498.90459967,570.0,106.88971109364343
721440,668,1080,-43.67910196832509,30582.0,170104909.20613,55019257.257397816,560.0,110.27459740776109
722520,669,1080,-39.72215640619602,27194.0,161733664.74227357,52322195.930656455,556.0,94.83825485211912
723600,670,1080,-54.32977507020128,45646.0,203139429.4140371,65737886.15506985,545.0,151.6819149614912
724680,671,1080,-39.56815793649614,26264.0,161295138.5494643,52175194.87264257,543.0,90.8355862066307
725760,672,1080,-40.09676036344001,26402.0,161176426.3281256,52132801.1123007,560.0,93.78760172528844
726840,673,1080,-45.4701761566742,34980.0,178514959.89163327,57744767.98508965,584.0,120.11192297262532
727920,674,1080,-40.353231982398064,26298.0,162141397.5263228,52439846.972190134,543.0,93.13987147241103
729000,675,1080,-41.64905899723789,28738.0,166101974.32253456,53731094.851384595,544.0,99.38430281079222
730080,676,1080,-40.78912994695262,27976.0,165393553.5291247,53492818.31441153,571.0,100.6890906864908
731160,677,1080,-42.200478732605006,29132.0,170555895.5172576,55161567.85457427,545.0,105.05117705953947
732240,678,1080,-45.55304056128574,33586.0,178189090.9815019,57638023.77770833,554.0,118.03436748681693
733320,679,1080,-43.06409722842236,29960.0,168846772.12196824,54614990.717984825,552.0,107.56018712783249
734400,680,1080,-42.71882832642736,29876.0,171004037.2781585,55311228.48956777,576.0,108.43577353351552
735480,681,1080,-47.41878987395276,34734.0,180993380.67676386,58548675.86165703,539.0,122.64594932803912
736560,682,1080,-44.93760883851114,33120.0,174287933.2815617,56383470.01123074,532.0,114.84339496125027
737640,683,1080,-54.31798288085207,44594.0,203128287.46309775,65709509.48604361,560.0,157.4352434902913
738720,684,1080,-41.15523776642248,27754.0,164806761.83648396,53306859.84060855,569.0,97.78945751444614
739800,685,1080,-39.99327364383028,26082.0,156723505.18123043,50701939.21374184,537.0,91.10412813776912
740880,686,1080,-40.30212317451629,26704.0,162741365.40326732,52642294.71942057,574.0,93.93876563217071
741960,687,1080,-47.48154968733725,35844.0,182692858.21189862,59100454.27526056,561.0,121.53484021224803
743040,688,1080,-46.04759755176373,34156.0,177842909.47438094,57532656.602735326,574.0,118.35559607943932
744120,689,1080,-43.68361241067882,30444.0,171476368.17604637,55463515.84608541,576.0,110.9739577967193
745200,690,1080,-43.19631482919357,28488.0,165877564.29240054,53649995.1779878,549.0,103.33672579320185
746280,691,1080,-41.48154710899854,27744.0,167450028.95322287,54151925.35912685,531.0,98.1339825371809
747360,692,1080,-50.37463483233223,38834.0,186057375.2869818,60194457.999507084,551.0,132.08103790985174
748440,693,1080,-40.01124107110713,26874.0,159405107.6629686,51562921.61272462,567.0,96.01259069639136
749520,694,1080,-48.62082360765116,36058.0,186289925.9588881,60264394.92899529,568.0,124.26228660692344
750600,695,1080,-43.545904346241116,31068.0,174588652.6959213,56470184.86291317,590.0,107.52682176292662
751680,696,1080,-39.43422712086014,26748.0,161252137.81653148,52160903.41366585,601.0,94.91362699410662
752760,697,1080,-50.68798608385105,37552.0,190185186.14334312,61517495.428295776,543.0,131.627880706429
753840,698,1080,-39.24241077479048,26656.0,162110539.01219705,52432740.55139409,595.0,94.03630203265237
754920,699,1080,-41.0848572833022,27054.0,163604236.90460163,52914069.31359727,546.0,96.45598672000457
756000,700,1080,-54.91681161484344,41936.0,199695144.86355028,64600150.457286574,538.0,149.7044090139604
757080,701,1080,-40.727316191893834,29194.0,165831026.34613976,53639800.63361969,586.0,100.44152371975534
758160,702,1080,-48.97212248627032,35778.0,188032841.61123738,60820777.04191713,564.0,124.50588224376882
759240,703,1080,-40.74581818713228,28188.0,164190007.85897866,53112962.16104403,539.0,97.41553060851268
760320,704,1080,-42.72590964462958,31154.0,169330053.3198701,54782299.980951466,556.0,105.42482867010621
761400,705,1080,-41.551285936405385,30832.0,168112229.31091017,54384105.254615106,568.0,105.926484035883
762480,706,1080,-52.556008793633865,43196.0,200143708.65968645,64750312.05751023,538.0,142.91468596905176
763560,707,1080,-40.0237168731774,26924.0,160971485.1811893,52073306.69281016,548.0,92.51077341382837
764640,708,1080,-53.29557375559648,42582.0,196854419.93705508,63694682.09932498,531.0,142.6570944297046
765720,709,1080,-46.809601442452305,35316.0,179125588.42327318,57949544.74449464,573.0,122.0562248522319
766800,710,1080,-47.890946204697755,34508.0,177966272.25152454,57567636.01628682,532.0,122.41461555305018
767880,711,1080,-43.99020248183876,30594.0,175342206.92384446,56712927.08037381,586.0,108.02478731506466
768960,712,1080,-61.74237847270204,52132.0,221195493.1185517,71573632.99240024,531.0,178.4614070448266
770040,713,1080,-40.33770491902223,27466.0,162282529.60286286,52493371.208343565,553.0,94.91262025814348
771120,714,1080,-51.08272063786886,40574.0,193028100.4751331,62454110.901684545,541.0,136.0585970736714
772200,715,1080,-57.9163573040737,47310.0,208636838.63170266,67506251.26513468,555.0,161.53944579313483
773280,716,1080,-40.9240138234522,28238.0,170416442.69414464,55116845.60457141,579.0,97.38460085211317
774360,717,1080,-40.20100229979093,28738.0,168836382.58469686,54610792.08787735,601.0,97.34142465555985
775440,718,1080,-40.19911564904919,25930.0,159326871.59504882,51533722.25588229,571.0,93.08853890943045
776520,719,1080,-41.7550738192728,27496.0,164062586.61448297,53065060.093134664,556.0,98.33766309684232
777600,720,1080,-42.556778581240025,30710.0,166401846.81384903,53839417.22165803,572.0,106.39770364784307
778680,721,1080,-39.76932815546907,27632.0,161639603.1818827,52289783.64164691,559.0,95.26488260092108
779760,722,1080,-38.24111444006396,26524.0,160982027.1366318,52068971.88293462,596.0,92.10193162942585
780840,723,1080,-44.3299963043594,29862.0,171006840.13372523,55310400.3694034,533.0,108.20094763227885
781920,724,1080,-43.04361774938186,30124.0,170118314.00889692,55029919.65043918,572.0,106.01310124165343
783000,725,1080,-39.43367272310692,25392.0,157189313.44594908,50846836.435438335,561.0,90.62302747565924
784080,726,1080,-45.22257281705675,31602.0,172932384.4639441,55938412.85269916,548.0,110.62112744537177
785160,727,1080,-43.73081707436285,30062.0,168673330.8083457,54566352.582186066,573.0,105.14177102506186
786240,728,1080,-40.92034103999818,26712.0,159487220.5078815,51591396.202455,549.0,94.06337038246319
787320,729,1080,-46.08636684524373,32746.0,176660847.170161,57140638.12105811,562.0,115.62157996475906
788400,730,1080,-62.41062590824895,53434.0,212403407.46820834,68722840.97117247,551.0,184.80940683480782
789480,731,1080,-41.09978080646613,28520.0,167168593.19711527,54071415.439867094,587.0,100.58086619999202
790560,732,1080,-50.24449184056853,38486.0,191036826.44577545,61796915.63903657,560.0,132.75419517756316
791640,733,1080,-40.03081880884442,25118.0,157641708.9225546,50996895.354693465,537.0,87.33293390586353
792720,734,1080,-63.55165149509782,52600.0,228753117.2576465,74005656.0383313,547.0,180.9022923458498
793800,735,1080,-55.315900688805336,42202.0,205831703.7298718,66575107.10784559,562.0,150.78374170229046
794880,736,1080,-39.36915181918296,25762.0,157560705.38515952,50974245.090557575,568.0,90.58297754465785
795960,737,1080,-43.590097977473924,27882.0,166918838.28209132,53987735.11338936,543.0,99.47653406299436
797040,738,1080,-42.94794607548769,29838.0,168552515.08363074,54521241.99506012,553.0,102.87833018772378
798120,739,1080,-43.27265655216756,31242.0,171041296.32460436,55327817.82335649,560.0,108.1593124839662
799200,740,1080,-39.46030942567795,26170.0,159416759.59408516,51565050.27619489,575.0,91.1593015664252
800280,741,1080,-45.42232565521995,32768.0,177046370.73632795,57270863.404339276,566.0,114.3794748557781
801360,742,1080,-42.67683351672375,28604.0,166976075.76816997,54008592.24672989,558.0,101.20895840951064
802440,743,1080,-52.563668284613584,40602.0,193464765.6117036,62586492.90867644,556.0,142.45938300098908
803520,744,1080,-38.57085466830147,25990.0,159161128.38963857,51486535.74318354,554.0,88.21533526292463
804600,745,1080,-63.76102414254136,54434.0,228265634.9336041,73856385.37395547,534.0,185.18642819873958
805680,746,1080,-42.00489615087161,26930.0,165078378.24108014,53388582.75504132,547.0,94.924461145846
806760,747,1080,-45.54182892582085,33514.0,174388503.42322993,56418885.00071366,555.0,115.39013887458476
807840,748,1080,-46.886451321365456,34642.0,183539204.48739666,59369185.76650045,588.0,121.73971673189048
808920,749,1080,-54.922828191035165,44656.0,205772617.4347868,66568515.15088528,550.0,151.76863908245085
810000,750,1080,-39.913471722560665,26674.0,160105269.85630906,51791811.23226339,552.0,93.35034643112826
811080,751,1080,-45.343762723769615,33612.0,178131861.28106102,57621035.15751587,570.0,116.32776661434946
812160,752,1080,-47.40038459537878,35824.0,183772336.83821732,59448569.83370511,572.0,126.10088380910892
813240,753,1080,-40.17402366525157,27394.0,159499465.25621164,51600694.27024312,564.0,96.97231555573724
814320,754,1080,-45.07896750450814,31266.0,172333590.98097056,55742678.618013054,543.0,112.65244065515863
815400,755,1080,-45.36099116116429,35488.0,183504539.93178478,59364779.66069834,585.0,120.70772239565149
816480,756,1080,-44.02443671890717,31890.0,176259021.61152202,57011698.19099548,555.0,112.883457421464
817560,757,1080,-39.725176609772376,27486.0,164067766.47492942,53068430.278976046,559.0,95.94139959129966
818640,758,1080,-41.59668244620998,28356.0,166412971.035395,53828216.10239241,539.0,101.55930474465322
819720,759,1080,-47.473962589919466,37952.0,184568223.20859143,59714493.609181516,581.0,132.69318866607853
820800,760,1080,-59.08312693621119,49776.0,206962551.10286096,66968370.73896177,553.0,170.84957324257405
821880,761,1080,-44.58235894585024,32398.0,171228258.14057586,55390118.54069663,551.0,117.19160582041168
822960,762,1080,-41.09077259225249,28414.0,165204783.98875508,53439587.88563375,561.0,98.78152100852216
824040,763,1080,-44.084517406581526,32802.0,172090919.72080195,55668809.24051988,551.0,112.58377134548294
825120,764,1080,-40.46337167260296,28084.0,163598881.37994027,52914194.80076969,540.0,99.73796670864047
826200,765,1080,-42.15606720136391,31236.0,174702225.1978131,56506245.16186023,580.0,110.286905868488
827280,766,1080,-41.857100896227024,30022.0,172550759.79556802,55805958.62949939,565.0,106.1720081711973
828360,767,1080,-45.55377675868749,34370.0,177284990.28671268,57349058.21607901,546.0,121.94258747497398
829440,768,1080,-42.064748292059,30284.0,166927024.41756883,53997663.48229049,542.0,106.56365817864526
830520,769,1080,-41.28713570910654,29854.0,165902506.89113924,53665235.95390354,563.0,105.25621757352684
831600,770,1080,-40.44924570052855,29088.0,167619240.9930448,54220379.42201214,548.0,101.2473884640326
832680,771,1080,-40.1155835174108,28302.0,165154110.54026592,53418656.05681041,585.0,103.65111886637881
833760,772,1080,-39.034485152544505,27490.0,161955070.54025513,52388271.66430496,547.0,96.70440857087058
834840,773,1080,-42.49457983293266,31166.0,174078097.6455452,56300578.50534965,581.0,109.55632045669181
835920,774,1080,-39.46649702025739,28730.0,168041716.80505913,54349887.56188084,582.0,100.72508178677073
837000,775,1080,-49.869305417221,37868.0,184128719.67724323,59575461.08321929,527.0,133.1333687086896
838080,776,1080,-50.68092563096323,40100.0,192268825.84337825,62192991.59169938,559.0,144.21252752593657
839160,777,1080,-40.22338987995727,29568.0,169480389.8831168,54818288.65043027,552.0,100.87718182988064
840240,778,1080,-48.23975454056179,39432.0,187893446.20271286,60787598.629494615,589.0,137.24383984452754
841320,779,1080,-44.58575515973763,34014.0,180682490.75985104,58440578.510478854,575.0,117.61917142121501
842400,780,1080,-49.8679184130413,40870.0,195137719.47516662,63127316.94864827,578.0,138.8675933992052
843480,781,1080,-45.725831225171845,32820.0,177377769.56070447,57373941.55220564,531.0,113.09820569440205
844560,782,1080,-47.5613138364804,35984.0,181999094.7332938,58876021.82980374,538.0,125.48951823777004
845640,783,1080,-39.821191495810666,26146.0,158755855.53070652,51349126.1608764,565.0,92.13581656819159
846720,784,1080,-38.9705706314568,26426.0,163170584.0112854,52778907.21466548,571.0,91.02519300839383
847800,785,1080,-41.16347120001463,29322.0,166705794.43522203,53928240.67806215,572.0,101.7987291996937
848880,786,1080,-39.26897590927007,27376.0,161183338.719311,52144485.88658212,545.0,92.45082910176431
849960,787,1080,-49.86872398836865,41574.0,193345546.3265017,62558285.26757685,560.0,137.52391447450503
851040,788,1080,-43.28358092194641,30180.0,177724094.23495653,57475576.216867715,556.0,105.42539270427285
852120,789,1080,-41.394392736392014,28500.0,165876838.63718018,53652451.38509598,519.0,97.98804471120064
853200,790,1080,-46.77834666745199,34788.0,185786224.40855414,60090287.58774382,568.0,121.08127358222298
854280,791,1080,-40.536667062580854,27850.0,162328382.25871524,52513121.731468566,556.0,94.24112302993045
855360,792,1080,-45.467526732128974,33008.0,177821306.6908856,57510391.01568658,555.0,115.8365018034068
856440,793,1080,-40.981659417433846,27334.0,162017455.6085036,52401124.001219384,559.0,96.0925030915148
857520,794,1080,-40.22355477082456,29078.0,163646746.71342465,52943152.5156245,572.0,98.29986215422457
858600,795,1080,-256.1978836597551,319588.0,651995717.8345584,211095960.89625093,486.0,1064.9110175766568
859680,796,1080,-55.06930783343964,43514.0,200796055.31622532,64961113.31078246,548.0,149.39967125750516
860760,797,1080,-49.91014426265434,37912.0,186270122.70429716,60262421.434788324,526.0,131.59186242842569
861840,798,1080,-38.16533431533213,26632.0,158739011.2718302,51347426.257343054,589.0,93.11497131027106
862920,799,1080,-40.98121418763006,28246.0,166226830.62806115,53768452.18428674,547.0,98.12582835273518
864000,800,1080,-41.424206680446204,30118.0,164800644.4983657,53315001.80895796,560.0,102.6387889088218
865080,801,1080,-41.424618145967735,30796.0,168844457.08963317,54620784.48148754,539.0,103.89279221471098
866160,802,1080,-40.790762998606255,29090.0,164555418.76612046,53230531.902333766,532.0,100.58866706389269
867240,803,1080,-41.75739573998689,29120.0,167776336.87550834,54270765.75616576,555.0,101.18928290550227
868320,804,1080,-41.43621932558855,28938.0,165236932.4031696,53453656.10625823,558.0,100.24940628811116
869400,805,1080,-44.559000074113314,35612.0,176618020.70177856,57146972.023205586,570.0,117.79276543363383
870480,806,1080,-36.729572348142405,26086.0,154157984.09287083,49876946.73230677,588.0,88.17062004644046
871560,807,1080,-39.669081181649474,28600.0,161714823.37830907,52319046.5698054,569.0,99.2703850650009
872640,808,1080,-41.37159565840204,29230.0,166649091.26211172,53906962.84848945,554.0,103.34639608057806
873720,809,1080,-45.73663551209817,36034.0,181811055.64869058,58807165.2954534,544.0,126.3188782978242
874800,810,1080,-40.73928798533579,30366.0,168992478.6714484,54672267.583572626,559.0,102.70341273806702
875880,811,1080,-40.57685535468897,29716.0,162791944.4100307,52669729.33933475,573.0,105.35200820457673
876960,812,1080,-40.50660313123172,29204.0,170912177.69118217,55274373.50305988,571.0,103.16225392570668
878040,813,1080,-40.380561809442455,28698.0,165708375.08548903,53598312.20835434,571.0,99.20367110302985
879120,814,1080,-41.35770653477381,29078.0,165994229.78086084,53698436.54202254,582.0,102.46975403589165
880200,815,1080,-52.34185054709996,40778.0,196507216.35273862,63560977.45681334,553.0,146.40288949585724
881280,816,1080,-48.89328063710017,37368.0,188221512.36377892,60887253.15520459,582.0,132.55592281415798
882360,817,1080,-43.93702700842495,30814.0,169706987.30984008,54892946.31852714,540.0,112.26458241658888
883440,818,1080,-44.53044032320537,32854.0,174508795.3395173,56448235.392339945,598.0,115.76958226577882
884520,819,1080,-62.486980230832245,58366.0,235886091.52108014,76330857.74090543,558.0,189.36378336556612
885600,820,1080,-54.73173298608704,45388.0,203839036.90346447,65942935.83436008,553.0,155.7074890842517
886680,821,1080,-41.843694562053145,29958.0,168689400.98997355,54566548.043425865,550.0,104.93585638370075
887760,822,1080,-40.207205219550744,28360.0,164756125.17526323,53290860.49755141,533.0,96.3330706714659
888840,823,1080,-47.702814402686826,38072.0,189003503.6648347,61143047.60752921,561.0,130.3456217431313
889920,824,1080,-45.30729437650513,35462.0,182810318.94851732,59137965.84547763,571.0,120.73209291698859
891000,825,1080,-45.0536331415464,32470.0,175064930.22071242,56621465.039804205,548.0,117.61260202292299
892080,826,1080,-41.283532226594644,29044.0,169203718.07506612,54732112.57408374,543.0,98.93647913770158
893160,827,1080,-58.33718247514725,48750.0,211351989.14337435,68372674.40804233,538.0,171.278998755879
894240,828,1080,-37.77248523525021,26838.0,159523330.9300733,51603359.900189236,582.0,92.41692914715094
895320,829,1080,-40.526655145646494,28474.0,166803322.76886246,53956387.76586052,551.0,99.28472582402837
896400,830,1080,-46.843385553380976,37162.0,184759777.53403905,59763158.16988737,571.0,127.72621203097013
897480,831,1080,-37.96751411750441,27614.0,162908402.2346983,52695547.940553375,568.0,93.88488138514066
898560,832,1080,-39.00230452541922,29054.0,164478338.8814268,53207574.411089405,551.0,97.30540797348786
899640,833,1080,-43.87432922517215,32700.0,175633034.55198768,56809419.08233867,558.0,114.63787292455689
900720,834,1080,-52.59474312515827,43078.0,196045994.6506294,63429715.72434586,517.0,145.9129657982169
901800,835,1080,-44.33639040245707,31776.0,173833676.36219454,56227780.494728886,521.0,113.805608898754
902880,836,1080,-42.868708925516515,31366.0,172242148.7657056,55717404.59311646,562.0,109.95089046908863
903960,837,1080,-50.127607717660894,40646.0,189935866.50434673,61449647.32666567,518.0,138.87432465423188
905040,838,1080,-45.96617996822626,36770.0,185007973.6831343,59850153.42597575,575.0,123.69938633920165
906120,839,1080,-41.3897544730945,31434.0,171510742.6537531,55480505.98539522,558.0,107.82771111161826
907200,840,1080,-42.5174713004935,33886.0,179201268.03476992,57966964.14433583,600.0,113.76508723864258
908280,841,1080,-46.51806497254937,36992.0,182213120.1981781,58954943.988984205,571.0,122.57463277262038
909360,842,1080,-40.26667442685369,29750.0,164140388.744619,53102590.04801311,509.0,98.61483802723501
910440,843,1080,-43.094429944990026,35108.0,178265930.08361834,57676373.683211125,563.0,114.58209933927435
911520,844,1080,-50.42388031879603,40776.0,196106851.56830448,63434924.86897176,567.0,139.9898178562837
912600,845,1080,-45.76818846977483,34910.0,181158237.07738733,58601263.91089717,536.0,118.79891435933874
913680,846,1080,-42.38981667875102,32154.0,177064203.45925832,57272565.84984738,576.0,109.41905665693594
914760,847,1080,-43.707766345275004,34660.0,177061525.69186878,57282175.53761073,560.0,115.06834541586805
915840,848,1080,-47.74511552364725,37942.0,187499371.71863285,60660450.89491356,571.0,128.42720825411172
916920,849,1080,-41.93718806949997,29586.0,167005295.4230077,54019674.725965664,565.0,105.57085584407523
918000,850,1080,-60.186875129677475,53784.0,223913691.40231392,72448353.05891283,529.0,178.80250691194223
919080,851,1080,-42.61775996957104,33928.0,176290631.73736826,57028789.5272068,568.0,115.41685823960259
920160,852,1080,-39.186071026545974,27420.0,163057781.3424772,52745897.2642227,569.0,94.3783608915196
921240,853,1080,-38.981241612248894,28078.0,162250899.89854628,52486524.61501022,576.0,95.98671650719871
922320,854,1080,-39.7308221040974,30118.0,170050198.38428155,55007855.99137226,563.0,102.94833602191518
923400,855,1080,-37.878513545946596,27238.0,157685558.03902385,51011102.48884367,560.0,93.11632139184967
924480,856,1080,-41.926911245797456,32838.0,171215301.6632405,55395240.339615695,543.0,107.91649203836477
925560,857,1080,-41.558498552095905,28918.0,167212191.24001038,54079514.00485338,539.0,102.65532955960627
926640,858,1080,-45.38678409580852,33600.0,177074804.91032174,57275294.658281945,533.0,116.37931523784461
927720,859,1080,-45.543979576564695,36118.0,181117012.72670028,58596496.62795646,544.0,123.31981276572705
928800,860,1080,-43.023515052855444,29942.0,170906275.7691145,55278807.02906473,536.0,105.77393963446492
929880,861,1080,-39.911621416104786,27950.0,159445640.63054186,51581906.065029964,522.0,95.53790887012165
930960,862,1080,-41.460839928212536,29988.0,167958004.56152052,54336971.30423745,584.0,105.2098736516348
932040,863,1080,-46.730696208854965,35188.0,180989042.62653413,58545696.90992164,540.0,119.46010692675529
933120,864,1080,-55.832911323370986,45076.0,209868222.5680205,67887841.08179939,565.0,159.09916631692877
934200,865,1080,-43.061279734881765,31386.0,175806313.35287684,56860830.74622916,572.0,109.20801826259928
935280,866,1080,-42.75735177425855,30764.0,168251519.01977944,54426604.624937646,575.0,111.04783620466496
936360,867,1080,-41.74342018471842,30212.0,166446315.16142288,53841974.80455346,556.0,106.7332800974904
937440,868,1080,-42.735785408504455,29966.0,168305392.40716863,54440783.70045532,546.0,102.98540789068323
938520,869,1080,-40.236948712156135,28004.0,160987075.91260862,52076236.466503225,543.0,96.55270945208548
939600,870,1080,-39.40267547835998,27472.0,164025520.40600252,53054148.293485016,566.0,94.78599354716968
940680,871,1080,-47.049807334809444,37328.0,188709686.99841633,61050438.26078614,532.0,122.54403049657427
941760,872,1080,-41.13065825335602,29894.0,173413233.66780353,56088041.23360395,575.0,103.06458908631771
942840,873,1080,-46.60428487113253,37606.0,183593795.24339786,59400531.54236544,529.0,122.84868314411699
943920,874,1080,-42.55972797447226,30486.0,174778186.54600632,56527448.40554745,560.0,105.04668017209143
945000,875,1080,-40.75479865832837,29668.0,169240850.55044702,54740274.072062135,559.0,103.06478650433495
946080,876,1080,-40.137456728693806,28732.0,166809045.29621458,53958952.69641856,555.0,99.34487907001389
947160,877,1080,-48.39808075745013,39574.0,183961441.1135734,59511782.92020719,578.0,139.28415760483531
948240,878,1080,-42.01493628050538,31178.0,172316008.63806972,55736463.33098871,551.0,106.34492034590473
949320,879,1080,-43.268753519036835,32592.0,179786425.8914327,58146077.917343654,579.0,113.59879069616521
950400,880,1080,-42.264032409661425,30984.0,170027217.659327,54997654.654062964,563.0,110.36657307938225
951480,881,1080,-48.528018200196996,37162.0,188032617.30141842,60813675.28936535,560.0,132.76548027525956
952560,882,1080,-40.68071858688953,30136.0,170745970.25318182,55229910.685246445,566.0,100.69598161073759
953640,883,1080,-40.01108666254569,28298.0,167937404.10193977,54314751.271653935,572.0,95.68819372853791
954720,884,1080,-41.07517199817342,29910.0,167391573.4567764,54149943.19366467,573.0,103.81768775223838
955800,885,1080,-44.42689964421244,32464.0,171419600.4356645,55454831.08147193,574.0,114.81046228950022
956880,886,1080,-42.865354870974514,30380.0,171503587.35030493,55472694.524520256,558.0,104.7667309116232
957960,887,1080,-38.785383579196505,28064.0,162720254.96563622,52641895.62067843,557.0,94.94943664230352
959040,888,1080,-42.4760186448767,30528.0,173408931.57945794,56086982.11039871,578.0,107.55384204678833
960120,889,1080,-69.28898267692107,63976.0,249518301.382053,80736926.0447105,542.0,215.88320282185526
961200,890,1080,-39.44016533707563,28946.0,164990919.07202882,53365717.14210869,580.0,98.46368089284312
962280,891,1080,-41.78399252690281,31392.0,165788287.78979203,53639170.88559025,541.0,106.67385367278807
963360,892,1080,-39.107555252680115,28960.0,167663931.36050126,54235639.06254579,578.0,99.92380469584386
964440,893,1080,-41.95781596989298,32452.0,170989437.93146187,55307965.22240428,570.0,110.98294747413148
965520,894,1080,-42.93101913975805,33030.0,176345175.19543132,57034238.81843447,561.0,113.66564063657309
966600,895,1080,-39.247276928742,31434.0,169629421.4112134,54877932.46504977,579.0,105.77727277938853
967680,896,1080,-40.17503954258076,30262.0,164341058.00963375,53164911.57926191,561.0,103.02456594574737
968760,897,1080,-40.787823617680885,30994.0,171639160.71127275,55515589.49624499,558.0,106.75378034432677
969840,898,1080,-39.945984421912094,29968.0,168433287.08012056,54484889.87236056,550.0,102.56457844734629
970920,899,1080,-44.03052788329449,34744.0,181258964.9063663,58625870.55557089,535.0,120.35432455099155
972000,900,1080,-40.37653438378778,31378.0,169979675.42052203,54986849.11648301,558.0,107.55973175707382
973080,901,1080,-42.10134228058965,32116.0,179179067.91252765,57949484.06787703,555.0,110.77426833774169
974160,902,1080,-68.68855732830679,62460.0,244696095.31499797,79178321.96217601,532.0,216.35676210538247
975240,903,1080,-52.38415305513719,45116.0,202360999.35890085,65472169.01596748,549.0,153.69644224658686
976320,904,1080,-38.970204368698205,30150.0,162389216.35204884,52542330.77409168,534.0,101.98743761511416
977400,905,1080,-46.11530086694911,38514.0,187288541.46640626,60585999.60630447,568.0,131.7326181020237
978480,906,1080,-46.085077262400304,38592.0,186627876.21553588,60376417.58652243,576.0,133.698686595832
979560,907,1080,-39.05129418331725,30958.0,166661328.76769632,53915997.09335145,536.0,104.93705635714758
980640,908,1080,-45.091579525220325,36004.0,182680743.0484271,59089017.17468247,571.0,125.5696735083374
981720,909,1080,-43.701984869065654,32750.0,171249260.26513803,55395184.03069944,540.0,119.37965012869091
982800,910,1080,-46.09656731881863,39698.0,188181944.88499835,60887575.940805994,561.0,133.0321009823851
983880,911,1080,-49.45070467974964,40980.0,195141845.28183043,63127956.69123759,579.0,143.87128575014242
984960,912,1080,-39.02184743538651,29166.0,159027906.89602238,51457021.63406599,546.0,102.0703613164547
986040,913,1080,-48.5582238650345,39266.0,189229277.82060343,61208776.61077367,531.0,134.20252229264193
987120,914,1080,-42.64477405842642,32780.0,171915394.59482467,55608420.449016534,549.0,114.53428910577578
988200,915,1080,-46.16724402091219,38628.0,184889687.13038012,59815999.85872312,541.0,131.11795389518323
989280,916,1080,-41.46843180231137,33940.0,176159887.96730503,56987302.35544631,581.0,116.92338929030564
990360,917,1080,-41.332681920322315,32498.0,175110175.94545308,56633946.35697609,582.0,115.33081440161057
991440,918,1080,-42.24209778002005,31588.0,174364005.3623776,56398064.01489623,556.0,109.42503696587028
992520,919,1080,-46.64154687872761,37964.0,187899729.01307458,60780698.22275113,546.0,129.25833754128874
993600,920,1080,-40.67129972453601,31432.0,171243997.82023236,55387967.28383039,584.0,108.68132465811651
994680,921,1080,-45.02431700647698,34774.0,176755342.35755375,57182618.663078316,545.0,125.2450303348008
995760,922,1080,-50.02683870869842,40882.0,197107864.62924454,63767510.636307195,563.0,140.54094236361777
996840,923,1080,-41.60603329802876,31024.0,171773704.9279146,55562681.39729632,571.0,107.46944432949259
997920,924,1080,-42.263086087292926,30908.0,172592923.771288,55830924.4079751,546.0,105.69125597772914
999000,925,1080,-41.90300729706798,32888.0,173482008.6015627,56120311.177861616,565.0,114.54257619475888
1000080,926,1080,-41.55421879794133,29448.0,167950441.45412776,54325141.68142298,553.0,101.88832327313702
1001160,927,1080,-40.70223928223173,29628.0,166071177.20212924,53724603.78400788,541.0,102.71446395095644
1002240,928,1080,-47.29893041120094,38158.0,184751957.15428373,59775091.94477506,562.0,131.45630289294624
1003320,929,1080,-45.37992176530204,39258.0,186370813.4548763,60299789.67434075,587.0,131.00610701183834
1004400,930,1080,-49.16215833065098,39396.0,188585790.57020372,61014444.07154413,533.0,136.56999976177616
1005480,931,1080,-42.44380543758959,32832.0,175611149.07679418,56805388.75251806,562.0,114.32622778833934
1006560,932,1080,-41.472430458847256,31844.0,174082673.51070306,56311528.51114968,597.0,109.79493491147844
1007640,933,1080,-44.73230600038694,37128.0,180909236.2108494,58534520.00997554,587.0,125.92258027678305
1008720,934,1080,-48.39844487358077,38652.0,189923365.84946698,61432488.24737876,561.0,138.00466749588273
1009800,935,1080,-40.930791354393364,31856.0,172719526.17515546,55870520.855804384,600.0,111.81976360498624
1010880,936,1080,-43.10240007838213,34630.0,176012368.09662893,56936291.9272781,564.0,116.4347691589767
1011960,937,1080,-51.32015122521155,42962.0,196083787.42282984,63437385.12190262,550.0,148.48930315526923
1013040,938,1080,-43.24244794883498,36074.0,177444351.0323111,57409296.56311723,568.0,121.60723434206298
1014120,939,1080,-41.31874202053304,33376.0,172243993.5439281,55721776.06357386,554.0,114.60262670516914
1015200,940,1080,-40.65364219921097,30442.0,169615982.49839145,54860364.24804762,542.0,109.20647673072877
1016280,941,1080,-44.96022975990768,35788.0,181085787.51403633,58577526.210931174,537.0,122.88348327212053
1017360,942,1080,-45.83668278935578,38656.0,183149534.77174997,59262300.56793281,562.0,129.9649316351237
1018440,943,1080,-38.70798964298018,30018.0,166470733.98943642,53850790.37191487,570.0,105.08079091838272
1019520,944,1080,-45.97364559998682,38860.0,185870349.13406453,60140057.521937504,564.0,132.24944128090124
1020600,945,1080,-44.76094552185956,36136.0,184435361.6162367,59657196.872978576,575.0,126.1499494059212
1021680,946,1080,-47.47968983084456,39948.0,187117081.69057253,60541588.97295375,553.0,133.75160779662178
1022760,947,1080,-45.2182529270224,36696.0,178723792.72318944,57827083.27340286,559.0,126.55183867120282
1023840,948,1080,-41.77491111131319,31842.0,172741831.9059514,55873374.99252068,577.0,112.78719407200353
1024920,949,1080,-38.756006604029395,28324.0,163696755.68020326,52956024.57423405,553.0,95.41615495447944
1026000,950,1080,-41.56271722551897,31564.0,166811788.10508657,53965025.892583966,580.0,113.1344532697285
1027080,951,1080,-45.16469727138933,33806.0,180769939.51100138,58467141.35760353,532.0,117.97969320730004
1028160,952,1080,-41.825002752596035,30870.0,178219832.8144656,57638523.289587535,563.0,108.64528230269629
1029240,953,1080,-59.31148686125894,51632.0,223334690.28249446,72252172.33930431,578.0,180.46839624152526
1030320,954,1080,-40.93350774925739,31050.0,166777466.23189408,53957657.187176526,574.0,108.42607106170075
1031400,955,1080,-52.17134115919039,43208.0,201310142.82505736,65119212.21003311,589.0,150.78784228799685
1032480,956,1080,-55.17235065455485,49844.0,208143791.45616096,67349793.46793184,578.0,165.8557944756524
1033560,957,1080,-42.810594853715706,31272.0,170899311.7386728,55288635.99459897,534.0,109.89480517807735
1034640,958,1080,-40.36780602300982,28986.0,165117237.29037857,53409176.59068435,543.0,103.29356321826847
1035720,959,1080,-39.70167030982266,28220.0,163363624.69080305,52844407.143531226,566.0,99.68229013555055
1036800,960,1080,-44.51079673323882,34924.0,175066619.9161539,56629120.53444619,573.0,123.0785653636416
1037880,961,1080,-42.405867341853906,33716.0,176061675.66221088,56953740.27407895,572.0,114.32897201721462
1038960,962,1080,-48.33757110592592,39142.0,187653043.1032252,60711476.45937052,539.0,131.76766668164464
1040040,963,1080,-40.318505456771604,29998.0,163812704.4670578,53001177.2541326,544.0,102.37642062346184
1041120,964,1080,-40.91505293151657,30002.0,167640343.1394471,54225662.06320043,586.0,104.71029923494284
1042200,965,1080,-41.59994184269457,29338.0,167979123.9781533,54332664.38390683,568.0,103.15314768225606
1043280,966,1080,-81.18861497418564,82410.0,291917514.33992636,94473014.64868292,585.0,264.94217677383153
1044360,967,1080,-43.20029649195723,31538.0,171305429.8738648,55417288.928647235,534.0,109.632135348844
1045440,968,1080,-43.61006070446223,31988.0,172366498.87560338,55759082.49217088,539.0,114.30590625496258
1046520,969,1080,-40.72140611846818,29198.0,169530878.0152992,54832271.31930211,572.0,104.12823653076511
1047600,970,1080,-41.56130923371533,30028.0,171833416.84080282,55580926.55566009,541.0,103.711393646987
1048680,971,1080,-38.488420829187206,28702.0,160437707.23933128,51901771.5716656,562.0,98.84702272738666
1049760,972,1080,-44.148692132834036,33914.0,176079689.19785097,56962040.08983209,562.0,122.63766618801213
1050840,973,1080,-59.264190523203695,54458.0,221871205.63559064,71795071.37417439,530.0,177.70545439716884
1051920,974,1080,-42.54374034012241,32278.0,171450500.4183421,55458584.813339405,533.0,113.13754344508307
1053000,975,1080,-42.560314436690575,32606.0,173452047.25657308,56105171.17586393,543.0,115.63743156981572
1054080,976,1080,-40.4011451268595,29722.0,169181925.87737912,54722901.22315699,563.0,103.5882495475757
1055160,977,1080,-48.62001806742473,41102.0,191329895.19050843,61899690.15337739,575.0,140.7095324091173
1056240,978,1080,-42.21231892555461,31652.0,175247037.00433847,56682528.01867629,551.0,112.67100878348586
1057320,979,1080,-44.95676983140291,34834.0,183033455.11874467,59199963.28154596,563.0,121.11129800831081
1058400,980,1080,-42.04503927079702,32478.0,175598311.75300458,56799539.01991848,586.0,112.83719081234551
1059480,981,1080,-42.71041223541276,33244.0,173835335.3926232,56238741.70271663,547.0,114.38384477034683
1060560,982,1080,-40.57035028137232,31422.0,171640328.61682332,55520245.443284206,569.0,106.5479444530754
1061640,983,1080,-46.8243741454159,36882.0,185255434.4828331,59923874.34565056,545.0,127.77700302480163
1062720,984,1080,-42.08939053081844,35286.0,177976341.96334854,57573098.477635965,585.0,118.71167722831909
1063800,985,1080,-39.966535390346095,30690.0,169026461.43176052,54677971.653089285,568.0,102.63244589119492
1064880,986,1080,-40.740830758977424,29972.0,170374989.18859062,55108845.82571364,584.0,105.31845100307515
1065960,987,1080,-51.216556790860196,42894.0,200907110.51722512,64985424.35739628,535.0,144.79643900506383
1067040,988,1080,-40.1679697631009,29912.0,170210680.775402,55051673.43143145,585.0,104.63722063824075
1068120,989,1080,-84.94902747297517,85646.0,287533177.28515583,93047367.56943345,565.0,286.47501471644375
1069200,990,1080,-40.27374544680811,31558.0,176527491.3065396,57093266.52686035,602.0,110.06617469727084
1070280,991,1080,-48.46167930186191,40794.0,189413555.42105612,61286597.004648305,555.0,136.87169520434298
1071360,992,1080,-44.0821261345244,33412.0,178700514.45686185,57805132.95386898,537.0,116.8573263754284
1072440,993,1080,-40.15883202090047,29818.0,168644275.16352338,54545396.15295285,517.0,101.77504462032536
1073520,994,1080,-38.87558235158463,30178.0,167677902.6195697,54242904.010401025,570.0,98.83156279827546
1074600,995,1080,-38.46131204841268,28930.0,165292052.5766712,53470076.31710124,586.0,100.6407881897932
1075680,996,1080,-40.53248526617971,31074.0,173412040.66077977,56088894.674247645,535.0,105.54303143146672
1076760,997,1080,-42.506506318410025,31832.0,172261040.35690352,55717641.5650119,543.0,112.45775731388296
1077840,998,1080,-40.42302623826492,29410.0,169007822.94386292,54663442.83269395,556.0,102.64279045619898
1078920,999,1080,-46.216310708089,37218.0,179216293.22390255,57973135.66655226,537.0,130.4251914266269
1080000,1000,1080,-39.89699878665127,29466.0,169407886.949784,54795582.10427288,550.0,99.97314938805567
1081080,1001,1080,-39.36858847053956,29642.0,167862696.61913508,54295676.54493107,566.0,101.6941273459438
1082160,1002,1080,-48.84785038166143,39352.0,188328300.5138971,60934206.24878307,539.0,133.9678387920829
1083240,1003,1080,-41.38800821944426,32154.0,173249068.91020936,56049122.226111546,555.0,108.22993588006
1084320,1004,1080,-40.41930459094627,29952.0,171034244.4643874,55317105.55326323,564.0,103.21513324185088
1085400,1005,1080,-38.75639744977529,29248.0,161797738.7780783,52342801.243041314,551.0,99.33169885538221
1086480,1006,1080,-39.343924431770546,28358.0,161333441.08772513,52195958.26518926,543.0,97.55282698678874
1087560,1007,1080,-47.35580583392118,37798.0,186348030.81621873,60285780.47888308,525.0,124.40158661781282
1088640,1008,1080,-42.46466001761007,32216.0,174070399.0331624,56303352.845769085,554.0,111.31671579665077
1089720,1009,1080,-46.09451378109019,35930.0,183101838.42208767,59232269.71100916,551.0,123.98169311651924
1090800,1010,1080,-38.614739740338145,28786.0,161780768.20432854,52339900.729191095,566.0,96.87761733364914
1091880,1011,1080,-47.97165753960701,38348.0,186817019.27345964,60438879.67687358,545.0,131.0372734003746
1092960,1012,1080,-49.91970785704098,41214.0,189614324.6077254,61345968.38968463,513.0,140.6621928064357
1094040,1013,1080,-39.26104133681004,28664.0,165576451.7895607,53558906.885604806,551.0,99.01668190049182
1095120,1014,1080,-39.27255713291063,29916.0,166786919.75292355,53951350.87159099,584.0,101.8172152150045
1096200,1015,1080,-39.38868914136151,29522.0,168410336.5114642,54476360.21967931,578.0,102.33088581593954
1097280,1016,1080,-39.911052617024865,30086.0,167747502.7538849,54259435.26683504,551.0,103.66877834345007
1098360,1017,1080,-66.34776774482592,60524.0,242422600.56813368,78438320.06751606,565.0,206.94195245449285
1099440,1018,1080,-43.993636885175334,35076.0,178365828.6490354,57699535.23419353,515.0,120.15557105921818
1100520,1019,1080,-50.0835756553498,39970.0,195897364.92911923,63360803.96986116,545.0,137.84297704735914
1101600,1020,1080,-42.369030007748364,33418.0,177371251.21285364,57375583.357018225,584.0,114.63749135922097
1102680,1021,1080,-48.75875871876873,41952.0,198402518.00477406,64183494.07144494,573.0,139.7544858104438
1103760,1022,1080,-44.49646616839222,34616.0,181635297.8483777,58748338.711921506,561.0,121.87701099790871
1104840,1023,1080,-41.557824657713354,33614.0,175298256.3740308,56714010.41529868,557.0,112.4423870741364
1105920,1024,1080,-47.26542403907357,38198.0,186924486.9777999,60473107.03862225,534.0,129.6046319476398
1107000,1025,1080,-39.52964888456003,32292.0,173421510.56221154,56093404.12628946,595.0,110.70456842431912
1108080,1026,1080,-45.83223445561285,38742.0,184883334.2384682,59817625.0327962,532.0,124.97992304731434
1109160,1027,1080,-52.52083026613835,47980.0,208056023.2517633,67316820.51244986,540.0,159.29190396874182
1110240,1028,1080,-40.99960198796017,33504.0,176868297.5955794,57204258.98380121,552.0,111.49476360808175
1111320,1029,1080,-46.35409173183496,39240.0,188305614.27275026,60916786.5084464,553.0,130.7155797574504
1112400,1030,1080,-44.74198747094738,40508.0,189859249.44445238,61426017.69590926,575.0,131.12025525851158
1113480,1031,1080,-43.38255773758511,36668.0,180858923.157544,58516802.362113625,527.0,122.27109894403118
1114560,1032,1080,-48.37932315071251,42682.0,194201039.5949447,62833454.15094341,551.0,143.843710846635
1115640,1033,1080,-40.36982428648133,33838.0,176375600.34620854,57055369.300976746,560.0,111.59460276035357
1116720,1034,1080,-64.13980534141872,61738.0,241039323.15821853,77992472.16556758,546.0,204.56003408651497
1117800,1035,1080,-39.31514240348211,33514.0,176682097.45312056,57153219.52193501,555.0,108.94201338202583
1118880,1036,1080,-49.0475663575433,43568.0,201845264.02678344,65290923.86073386,544.0,144.5862495228986
1119960,1037,1080,-38.35242821257175,32324.0,172137443.24366215,55691098.943697006,578.0,104.19531624334911
1121040,1038,1080,-39.09630598840182,33822.0,168999840.09832093,54680294.88420727,545.0,110.38812975296926
1122120,1039,1080,-40.92081466310083,33272.0,179138236.38514832,57937753.9426074,550.0,114.0014625936639
1123200,1040,1080,-40.77708935016693,34890.0,179042740.99658856,57912679.65729914,536.0,114.5070723821048
1124280,1041,1080,-48.278958343760266,47126.0,202244394.18930203,65434667.66472746,585.0,152.326881130165
1125360,1042,1080,-41.760125291905545,35396.0,182721983.36851695,59102008.02273589,553.0,116.01300806444246
1126440,1043,1080,-43.22155594078386,37902.0,186705903.7888821,60405131.81011904,561.0,123.27150930860837
1127520,1044,1080,-45.395730799000944,40716.0,188576468.4535895,61017288.92686119,541.0,130.8886549554476
1128600,1045,1080,-39.94212067200244,35100.0,180133423.33354393,58265860.005313665,575.0,113.74615105272558
1129680,1046,1080,-44.845315526723404,39426.0,184486921.54770648,59686054.06464679,537.0,129.19652362294184
1130760,1047,1080,-39.78527777334854,34818.0,176209848.6525054,57004544.061904185,547.0,112.76384667041395
1131840,1048,1080,-48.87313407600843,45004.0,202598808.48328903,65546179.140781276,572.0,143.8802167051574
1132920,1049,1080,-42.70077400176994,37076.0,182849234.82675952,59151892.33598287,551.0,120.06510103568824
1134000,1050,1080,-44.69140440984027,39460.0,184763286.99397936,59780402.045779176,545.0,129.53127019887017
1135080,1051,1080,-50.01332181893046,45422.0,200066585.29139996,64725890.97604231,541.0,151.81569143546545
1136160,1052,1080,-51.13675033100024,45300.0,201534561.10292113,65200725.56768022,524.0,150.67726074109237
1137240,1053,1080,-50.15031994921348,44890.0,201012212.18061906,65036051.30252051,532.0,147.04668602604457
1138320,1054,1080,-41.12078077092897,34034.0,177123356.45365387,57290666.00934552,561.0,117.58007069392146
1139400,1055,1080,-49.26013693058875,44730.0,195421395.85881865,63229900.526000015,542.0,151.8066911839965
1140480,1056,1080,-44.430935481655226,38176.0,185619974.95497793,60040074.85556343,533.0,127.78128149094837
1141560,1057,1080,-52.41892002779425,46596.0,206257475.30119395,66733561.44613086,526.0,154.34430646509335
1142640,1058,1080,-41.33147956425579,31824.0,173327068.66458982,56061288.51310778,548.0,109.92622552975695
1143720,1059,1080,-46.67710121965652,39112.0,182054724.23011667,58904607.02411997,524.0,134.7889269427315
1144800,1060,1080,-45.5070647212063,39646.0,191825364.29460654,62051937.56940226,560.0,130.14156002186223
1145880,1061,1080,-37.905897862383114,32808.0,171681331.981567,55547495.32498453,570.0,103.05760822698694
1146960,1062,1080,-41.63549588952006,35128.0,180169781.9220739,58286385.40552835,571.0,114.44585949669302
1148040,1063,1080,-41.807774162271855,35900.0,176068628.8497089,56972011.6908441,536.0,116.83616671263383
1149120,1064,1080,-46.284443775582254,41796.0,189196993.04830486,61219962.590164356,509.0,134.9166507293162
1150200,1065,1080,-39.61218358735468,35532.0,174654947.3343192,56505573.344836965,548.0,113.34488770007961
1151280,1066,1080,-43.30631938713168,36948.0,187016485.85856554,60486457.97996232,543.0,124.37999504498013
1152360,1067,1080,-52.5658927659358,49688.0,211642209.9731362,68475995.39139037,557.0,161.37506627662248
1153440,1068,1080,-41.55753985220549,38334.0,184928694.57616982,59825423.631023034,562.0,125.12133194168344
1154520,1069,1080,-43.31932613982757,38724.0,186699941.43186542,60401385.439861104,541.0,125.06201717603807
1155600,1070,1080,-43.60502663015761,38148.0,187697404.8143272,60724667.75484708,538.0,122.85185054661197
1156680,1071,1080,-41.616987847538184,35018.0,178749952.56355476,57824158.94591385,563.0,117.48715168360978
1157760,1072,1080,-40.45248169008434,35108.0,181226646.0304059,58620753.20988412,548.0,116.6263352370506
1158840,1073,1080,-39.34874153408174,34140.0,174281415.1122441,56382134.66535442,555.0,112.63718961276977
1159920,1074,1080,-47.92605937782727,43420.0,199425663.59011215,64508739.54181564,554.0,147.96944642790834
1161000,1075,1080,-46.770195185426104,39770.0,193971277.00325742,62743720.97940926,529.0,133.88753866158802
1162080,1076,1080,-36.59090732954502,31976.0,170408570.67689094,55128681.73227074,582.0,105.0432406297388
1163160,1077,1080,-40.57818145679546,33674.0,172261063.3254741,55727913.225511335,549.0,113.18731004669101
1164240,1078,1080,-42.226273822663835,36750.0,180810068.43836665,58498483.97228124,556.0,121.35550052844816
1165320,1079,1080,-43.19022121076014,38678.0,185545180.30550468,60024819.52090667,570.0,130.2832985225013
1166400,1080,1080,-45.280923191133624,37700.0,182997084.421594,59192588.89035791,535.0,130.72970361889895
1167480,1081,1080,-46.15358948787082,41690.0,193394702.23176664,62569851.94741546,555.0,136.5489839273988
1168560,1082,1080,-51.24949564746357,48100.0,202780087.7356734,65615288.2650315,550.0,154.01692405182484
1169640,1083,1080,-45.205948059235936,40680.0,189389902.94869384,61279008.52693498,548.0,131.8371864127173
1170720,1084,1080,-40.22557326128595,34472.0,176090994.18746996,56964249.34774454,533.0,112.34930167328245
1171800,1085,1080,-43.990383322737216,37834.0,186124207.19169617,60203799.030315444,554.0,128.6946437376509
1172880,1086,1080,-50.91830558081632,49404.0,207694962.89834738,67210427.69566022,536.0,159.53696844328618
1173960,1087,1080,-42.62353852091415,38954.0,183381568.10578418,59327160.89270959,547.0,125.9335506064724
1175040,1088,1080,-39.089762028004515,33558.0,174273431.66551545,56379233.17464136,540.0,112.08052498566958
1176120,1089,1080,-41.477098312216526,34808.0,178129309.9321237,57625966.499128036,529.0,114.63362726777868
1177200,1090,1080,-40.22068530781027,33754.0,177553900.402331,57432927.213054664,552.0,111.05455701773745
1178280,1091,1080,-56.83517828313554,54336.0,224247877.80025232,72553495.17501955,541.0,175.3151312287268
1179360,1092,1080,-42.303819416125535,36810.0,184405228.0394413,59650557.2664689,585.0,125.39422137402288
1180440,1093,1080,-40.95457290477083,34980.0,179664800.25995654,58117563.62567832,564.0,117.21567089717989
1181520,1094,1080,-39.98985051398523,36460.0,175394270.31585634,56750053.84953832,567.0,120.22954137509626
1182600,1095,1080,-40.67260263266232,35976.0,181829513.25547045,58814298.12907903,546.0,121.04851428986913
1183680,1096,1080,-42.11617958322746,38084.0,184780986.5275166,59777023.70288824,543.0,126.53844239506967
1184760,1097,1080,-41.04906527375984,36480.0,181301440.43432623,58643664.972649746,551.0,121.78678368922282
1185840,1098,1080,-43.73225487808821,39510.0,186377901.054928,60293138.169797085,572.0,135.52372773770495
1186920,1099,1080,-40.183829885791354,36276.0,180783587.6596997,58486894.58196244,572.0,122.72267858168716
1188000,1100,1080,-41.52112956203986,39404.0,184827780.3045128,59797956.637101926,574.0,129.77341534066434
1189080,1101,1080,-61.96448101929876,62006.0,240587629.83374473,77844208.16299312,546.0,207.63809650410533
1190160,1102,1080,-42.16245261907781,38426.0,184551417.58541298,59703894.41059847,555.0,128.16282638932125
1191240,1103,1080,-42.62455332375112,37822.0,186460599.58487535,60309988.842112154,527.0,128.69618900754784
1192320,1104,1080,-50.62309550156115,49276.0,206175826.84500405,66718548.2187468,573.0,162.1347548738311
1193400,1105,1080,-39.93745581328918,34562.0,176342976.02342197,57045609.701257974,534.0,117.1819795508177
1194480,1106,1080,-37.94679905782897,33332.0,173134781.2401977,56007833.606629185,551.0,112.81446256280313
1195560,1107,1080,-40.33717708518601,36776.0,179652046.00887176,58124034.38370736,563.0,123.51932248649632
1196640,1108,1080,-50.814199112044605,47552.0,203170648.23439327,65735161.95518427,563.0,161.4380946678521
1197720,1109,1080,-42.89380489357823,41828.0,179909071.1156691,58221823.21048752,574.0,137.89265208022374
1198800,1110,1080,-38.71262939748111,34882.0,177991227.2287512,57575313.987091646,583.0,118.63104563885216
1199880,1111,1080,-43.276941675268944,39392.0,187013203.83584383,60500578.0292034,528.0,131.2430323525154
1200960,1112,1080,-46.01719551430042,42220.0,191474565.78368235,61945618.71185774,567.0,143.89135763515281
1202040,1113,1080,-39.306863973358816,34062.0,173182758.56845936,56028506.98736066,553.0,116.36897958444439
1203120,1114,1080,-38.42839373062066,35238.0,175611334.3578287,56811397.4396128,558.0,117.5141339440083
1204200,1115,1080,-53.57578972940726,50630.0,216028485.15306792,69888524.90756163,572.0,172.144286817847
1205280,1116,1080,-41.63036965334467,35082.0,182957944.4640112,59180369.78864954,522.0,119.26064396948591
1206360,1117,1080,-39.331017436738506,34976.0,175364282.5452989,56731061.69591583,543.0,118.1961192002107
1207440,1118,1080,-42.09842891209557,37772.0,182880026.43789685,59163822.571319215,543.0,128.83268512134686
1208520,1119,1080,-44.77024355778035,40732.0,184749569.7133608,59777157.67190522,526.0,138.27337963527685
1209600,1120,1080,-41.2600479911071,36180.0,180891532.2119693,58517510.33966579,576.0,127.16260428552553
1210680,1121,1080,-39.78280486519819,35822.0,180676923.46106234,58440582.4868413,559.0,122.18465898846752
1211760,1122,1080,-49.341189014249345,45578.0,195842217.02693126,63360575.572957456,579.0,160.0296757287931
1212840,1123,1080,-36.123744121151866,33584.0,167366783.32509533,54150990.21047623,584.0,112.38805342989748
1213920,1124,1080,-44.07969502528155,38856.0,187311367.47323197,60589172.003233746,573.0,134.37500452270467
1215000,1125,1080,-39.073645843012216,34026.0,174837373.28548625,56555505.4438793,575.0,117.04612023802649
1216080,1126,1080,-39.72712161390021,35276.0,175571623.92706308,56802231.41050737,559.0,118.22088667787763
1217160,1127,1080,-53.45980265135914,49928.0,212132590.96242008,68627353.67284629,524.0,171.50940970787346
1218240,1128,1080,-40.50359082820118,34270.0,176062302.35871577,56952725.949078314,560.0,119.93993763247933
1219320,1129,1080,-46.78485691832351,40740.0,191659614.2797566,62002054.78092501,558.0,141.59230367336292
1220400,1130,1080,-38.44443794466393,32646.0,171439860.87258938,55457982.82192376,550.0,113.30955052342102
1221480,1131,1080,-47.519161764226624,41690.0,195256810.69463432,63162168.300579384,548.0,146.06311059851683
1222560,1132,1080,-45.58498070008066,37730.0,186516950.65871784,60323737.45465593,528.0,134.24700326127646
1223640,1133,1080,-40.02991327155534,34270.0,175294696.9602414,56702472.940792605,576.0,118.79769883473696
1224720,1134,1080,-38.00613725532921,32196.0,168374706.66812298,54469092.81147123,571.0,110.49448387323103
1225800,1135,1080,-40.702306626151916,33584.0,174147918.20665318,56335859.69511423,573.0,118.38896482457271
1226880,1136,1080,-40.63418900226091,34060.0,175271468.50622258,56699138.00585746,549.0,119.0722902042411
1227960,1137,1080,-41.879294561607345,33472.0,177088757.72755477,57282128.59915815,541.0,117.4113425366909
1229040,1138,1080,-48.854727737575246,41480.0,199714914.30336115,64601423.77380488,562.0,144.13819044603653
1230120,1139,1080,-40.34751760805534,33090.0,171894031.0565202,55610768.21099686,537.0,112.21722302259842
1231200,1140,1080,-39.38412337931442,31722.0,166531565.1946027,53879997.0959848,541.0,107.55750564548585
1232280,1141,1080,-42.945905204948275,35828.0,180258834.22338125,58313037.961773664,534.0,120.73163405212301
1233360,1142,1080,-39.31676649868018,32068.0,172164579.180238,55691680.06995961,553.0,111.5381543474341
1234440,1143,1080,-42.23880417301163,34124.0,178458047.65053067,57719933.811908506,534.0,118.63564921270215
1235520,1144,1080,-41.218138517011454,34330.0,174903170.89454317,56577345.04131774,574.0,120.14815208172723
1236600,1145,1080,-43.85422914891414,37196.0,183887685.05640054,59488757.040848695,563.0,127.00031660946567
1237680,1146,1080,-43.11243592795718,36738.0,176507950.43272382,57107738.735647224,548.0,125.63323923457457
1238760,1147,1080,-43.57072251361669,37480.0,184772029.6737935,59780492.67964256,552.0,125.49278473844913
1239840,1148,1080,-40.68113438062143,33360.0,171691383.93839753,55541784.11006114,554.0,114.16725184295007
1240920,1149,1080,-39.48358898068277,30900.0,170521142.7296185,55154288.3141284,551.0,107.30717141376103
1242000,1150,1080,-43.081748251911705,35530.0,176928402.85552827,57246314.40885062,560.0,119.26824268895149
1243080,1151,1080,-40.11118768717428,30256.0,167814692.6625806,54280197.803822435,538.0,104.71451888627463
1244160,1152,1080,-55.63358133175953,51758.0,211285841.30700195,68362361.04932623,561.0,174.3703987917181
1245240,1153,1080,-43.666361319700364,36538.0,181045611.85713744,58569212.803701356,549.0,123.30465243628693
1246320,1154,1080,-41.355347527783024,32464.0,169402456.01765394,54808018.37894615,555.0,110.96915269933102
1247400,1155,1080,-44.7732274459602,37622.0,182320610.77697057,58979001.81257892,534.0,126.6089397040543
1248480,1156,1080,-41.655864404916734,33386.0,175901793.95106977,56902707.746887036,531.0,112.42659632236455
1249560,1157,1080,-51.18396413107948,45336.0,199810685.82100216,64648384.63471435,538.0,152.99702674248107
1250640,1158,1080,-50.63084907437746,44104.0,202150303.79921526,65401143.60033313,564.0,150.32787384790137
1251720,1159,1080,-46.137544804646026,38082.0,186212856.24019358,60239132.7879026,541.0,127.27647334217785
1252800,1160,1080,-40.1891731969917,31684.0,173556310.15968612,56140239.884021,559.0,108.28303473300255
1253880,1161,1080,-46.24631689497971,37972.0,188400636.03415242,60944947.89820643,568.0,130.8195576299544
1254960,1162,1080,-56.64026438228866,49624.0,218621361.04281121,70730332.36214194,562.0,171.52373367306689
1256040,1163,1080,-40.939493302245964,34136.0,178589888.82193094,57772615.16875072,584.0,114.86559394491802
1257120,1164,1080,-39.03364858862243,31054.0,170159066.4738902,55042630.88296532,572.0,105.07836455763989
1258200,1165,1080,-50.88962238117636,43852.0,200904271.3776563,64996827.52718007,552.0,150.75924282643538
1259280,1166,1080,-47.55057626923019,39804.0,192886165.6940093,62402259.08480015,570.0,134.06975932320324
1260360,1167,1080,-38.866386912851866,29864.0,171754941.27416798,55552061.52397235,561.0,100.76179040351889
1261440,1168,1080,-46.51193740650664,37038.0,187879087.2578476,60770296.44730176,553.0,129.14686309678686
1262520,1169,1080,-39.00036844678192,30912.0,169442897.21499723,54806277.15532718,561.0,104.95795979122204
1263600,1170,1080,-37.699167704334236,30292.0,169255769.7587988,54751293.06398822,580.0,99.91350942448474
1264680,1171,1080,-48.97159555720738,42246.0,194440832.48384488,62911273.72900441,570.0,142.41628977010095
1265760,1172,1080,-43.1687107303936,35258.0,182683770.67661336,59083754.68728209,585.0,121.41098231524836
1266840,1173,1080,-45.63553287677061,38954.0,188995252.47584674,61139209.0056267,549.0,130.12332822017714
1267920,1174,1080,-46.01328346615864,37828.0,187877575.57500932,60773493.16148592,564.0,129.44316305230174
1269000,1175,1080,-38.72030018386735,31496.0,171053704.72683153,55334646.98720975,580.0,105.39942920614072
1270080,1176,1080,-37.97649543606451,31152.0,166873663.02623156,53987879.00936415,559.0,102.49682724297656
1271160,1177,1080,-40.580999739728654,30962.0,171968422.72867665,55624445.75231589,559.0,105.54762684140944
1272240,1178,1080,-78.49036109965,74814.0,274148354.45341873,88715075.34986463,551.0,259.2127420195394
1273320,1179,1080,-51.55267305764437,43148.0,200808859.02138457,64963558.4384219,528.0,144.80585430115735
1274400,1180,1080,-39.48105659714778,31384.0,168681733.4962695,54569298.30505835,563.0,105.87428398297385
1275480,1181,1080,-39.55346847425719,30248.0,164646154.113755,53262329.780609824,516.0,100.314439770538
1276560,1182,1080,-45.491297328958346,38422.0,187093933.44144452,60529236.23662834,543.0,125.93137491175854
1277640,1183,1080,-42.40715316442153,35722.0,176868983.9429164,57218519.136693485,568.0,119.715275988404
1278720,1184,1080,-41.66678543933007,33450.0,176540835.19461173,57109831.180360496,529.0,110.02509354950479
1279800,1185,1080,-38.80534477777702,30968.0,171818440.54230073,55572725.37129658,576.0,104.67379097408562
1280880,1186,1080,-41.269872385895724,32054.0,171341219.20519012,55424130.18142711,536.0,109.51036473872131
1281960,1187,1080,-39.60241659360747,30758.0,169385337.596058,54790231.266704604,544.0,105.21835500658462
1283040,1188,1080,-43.92048462153717,35788.0,179811063.01199383,58164780.45660708,523.0,119.2530994944399
1284120,1189,1080,-40.16343455053071,30656.0,169936285.1046977,54969995.751532614,556.0,103.09652696091955
1285200,1190,1080,-40.68191666991895,32422.0,172842002.2491522,55911279.980450496,556.0,109.56149521493238
1286280,1191,1080,-45.740800031549526,38830.0,186062933.36004275,60199874.27808977,564.0,131.28546501416517
1287360,1192,1080,-40.7776530439032,33306.0,173160229.80663872,56015860.81719909,550.0,110.31556630127001
1288440,1193,1080,-41.037020466748814,33540.0,175123507.63744965,56654090.789141566,580.0,111.03173813885599
1289520,1194,1080,-41.13024489043767,33154.0,168825663.33474526,54626676.3395363,525.0,110.39110889759284
1290600,1195,1080,-47.001095148197976,40900.0,193388477.23581874,62563782.16520712,552.0,137.31008295013532
1291680,1196,1080,-38.76250322902976,31076.0,170693939.9582621,55218965.55498915,550.0,103.52598339767948
1292760,1197,1080,-38.29121170598637,32310.0,167323233.02111602,54137492.23189148,552.0,106.85874643006342
1293840,1198,1080,-51.47488388018867,45134.0,203063418.02541745,65693878.126992464,563.0,154.25708368855157
1294920,1199,1080,-41.305538031670054,32660.0,172543190.86797702,55820427.6408479,556.0,110.68238839616288
1296000,1200,1080,-42.77163244891257,35510.0,181102909.85377142,58583519.51336992,571.0,120.95759315024803
1297080,1201,1080,-42.735353770777174,33250.0,177546989.2267498,57432119.106335014,519.0,111.78909332544069
1298160,1202,1080,-43.673922460396795,36308.0,181769588.7396073,58804224.2027677,552.0,124.0661828194911
1299240,1203,1080,-48.75384527679578,43826.0,197335978.23028862,63846480.8077098,542.0,145.19411538087306
1300320,1204,1080,-40.18404811957009,31492.0,172137868.44568557,55679759.264871046,550.0,108.04533595364546
1301400,1205,1080,-39.713993918238444,32620.0,174527452.37763762,56454835.6348096,556.0,108.91434391988912
1302480,1206,1080,-43.75840637832324,36058.0,180594613.59473023,58425947.251820676,549.0,122.4326478160906
1303560,1207,1080,-47.01483278476844,39636.0,190233461.9364901,61545464.94460713,538.0,130.80571345698908
1304640,1208,1080,-59.73385256428928,54768.0,223410774.36386666,72281149.10420096,553.0,186.8608838594046
1305720,1209,1080,-40.27904912665643,31184.0,165805419.62583318,53646575.78714526,544.0,103.87953252778807
1306800,1210,1080,-39.10380059171612,31330.0,166322157.48073348,53814188.05526896,561.0,104.05957742540744
1307880,1211,1080,-39.388521793676944,30374.0,169450403.99603704,54813262.31501622,558.0,103.45748015645022
1308960,1212,1080,-39.272724664776995,30904.0,169993662.21487987,54990797.403308585,557.0,103.32927695274708
1310040,1213,1080,-38.637978705769726,30278.0,163962740.29872707,53044766.19318326,540.0,100.24077006643886
1311120,1214,1080,-41.92681168319005,34020.0,169254789.2085524,54770278.34107713,534.0,113.30227904415935
1312200,1215,1080,-43.96534033252544,37748.0,181378064.74019876,58679548.02506762,593.0,126.52705959702766
1313280,1216,1080,-38.45055291097569,29618.0,162668891.87198168,52632423.14756432,548.0,97.5976062718195
1314360,1217,1080,-40.80056037375715,32290.0,174318787.9997462,56388995.70895655,571.0,107.17449516831259
1315440,1218,1080,-42.33430577060233,32954.0,175662165.71567482,56817638.35185229,537.0,112.6862154556671
1316520,1219,1080,-50.884929653567866,43882.0,198580534.01307654,64249757.02700789,557.0,147.64559762052968
1317600,1220,1080,-42.96861486781898,34900.0,177438286.76102546,57407334.01890733,573.0,116.294533820948
1318680,1221,1080,-37.95310239685726,28920.0,168969843.127848,54650352.016195506,580.0,98.7084180238117
1319760,1222,1080,-54.9891566178551,48026.0,208607568.765873,67491328.0389147,525.0,160.9462057905196
1320840,1223,1080,-50.24796484763192,42534.0,196835905.42414567,63677911.34371632,548.0,142.93634503437403
1321920,1224,1080,-41.70365705171943,33798.0,178913294.18056187,57873230.046582185,564.0,113.3210545359382
1323000,1225,1080,-42.96458257377342,35386.0,175932752.7199143,56912824.55955747,558.0,119.08877201471394
1324080,1226,1080,-54.722915382842146,48648.0,213398026.8697938,69039362.7390676,544.0,158.95929011397143
1325160,1227,1080,-52.82591833665502,46478.0,203610042.91481462,65880481.75824799,533.0,149.61402745273384
1326240,1228,1080,-40.956301301766345,32492.0,174125006.02187347,56333486.86903532,542.0,106.31516727433558
1327320,1229,1080,-42.27911864050793,32126.0,171575040.87435544,55507287.40993184,534.0,108.58823230941744
1328400,1230,1080,-39.21458531383383,30788.0,169846416.71740302,54944119.34169313,587.0,103.59889702382065
1329480,1231,1080,-38.55665788072422,30004.0,167728778.71165103,54261559.41814812,565.0,97.82196730272234
1330560,1232,1080,-39.46434844818623,29620.0,169315861.24328488,54763546.08014315,566.0,100.22433172663813
1331640,1233,1080,-41.60620200885447,32304.0,171065252.3633141,55342446.380219564,581.0,109.6356137646247
1332720,1234,1080,-47.99479405622612,37970.0,187170176.49875477,60559099.77780396,542.0,124.8431329317372
1333800,1235,1080,-39.14769445780922,29042.0,167584983.4235951,54208754.521054514,567.0,98.45851779609703
1334880,1236,1080,-44.133985545428814,34492.0,179127606.91623986,57942257.90775433,561.0,117.45916524376909
1335960,1237,1080,-46.752861982251986,38146.0,187295545.73292276,60592286.360839546,547.0,129.31600735780174
1337040,1238,1080,-50.1784167646412,42826.0,199777511.54258072,64629458.5655586,548.0,144.22199926096565
1338120,1239,1080,-46.12897321896202,38140.0,190261628.75291568,61546768.89331996,567.0,128.63462397784212
1339200,1240,1080,-55.817080379285585,49504.0,216898002.4648245,70173767.07935862,569.0,162.95187307169695
1340280,1241,1080,-40.362726085148545,30686.0,173685789.33729625,56177135.06131156,557.0,102.58921180369134
1341360,1242,1080,-40.710801077066165,30494.0,173954572.1770112,56259295.73623663,559.0,103.30640655121074
1342440,1243,1080,-44.166476664172095,34748.0,176156308.37534678,56985002.78685494,522.0,116.80776967676702
1343520,1244,1080,-44.8297034407143,36274.0,182239261.47799182,58955593.45626673,533.0,121.21677897709945
1344600,1245,1080,-44.98848168388872,37274.0,184753804.41486838,59766717.50822373,562.0,126.15159619744296
1345680,1246,1080,-39.58082387155771,32954.0,173877267.21410456,56249851.65589597,575.0,106.89657386959952
1346760,1247,1080,-45.62624777233262,35532.0,180959060.42272088,58527895.33389352,523.0,122.53851786318045
1347840,1248,1080,-39.41672894444246,29552.0,167323387.47615868,54119528.840643466,540.0,99.57979705994444
1348920,1249,1080,-42.819180157644354,33546.0,183374985.89320496,59310540.38388752,572.0,113.16226441856841
1350000,1250,1080,-39.516881917307614,31182.0,170084205.8939563,55028105.28943558,557.0,104.9666056339852
1351080,1251,1080,-54.29459970254061,46126.0,210679904.41045457,68159703.005315,550.0,158.4085783864777
1352160,1252,1080,-45.330963684414485,37140.0,184868460.60009372,59800910.51560973,554.0,124.37293977523625
1353240,1253,1080,-43.38160754660428,36068.0,181832700.42509693,58823677.44661055,561.0,119.04148635001592
1354320,1254,1080,-39.711013852506156,31342.0,174707954.3286879,56504430.945185244,553.0,106.27140730199467
1355400,1255,1080,-40.82445643788646,31252.0,173323692.36703822,56063773.33573015,546.0,105.77674588929538
1356480,1256,1080,-46.186029300976685,39782.0,184978682.3867614,59849796.56274799,564.0,134.09074732921303
1357560,1257,1080,-39.64217025429298,32126.0,170749406.68745372,55237671.02553905,552.0,109.17860447344447
1358640,1258,1080,-40.310178928117736,31354.0,175514258.60016894,56768160.163965605,559.0,107.03086061968703
1359720,1259,1080,-36.836349918249354,28746.0,164430519.45636043,53185192.03183193,572.0,98.18127672226154
1360800,1260,1080,-40.87885624810407,31610.0,174803722.5850347,56541407.70345048,529.0,106.63068517998279
1361880,1261,1080,-45.53108238192321,36910.0,184611659.5425826,59714960.307063125,522.0,126.5113711693359
1362960,1262,1080,-38.85805650500535,29444.0,167694263.02542704,54241175.64732051,549.0,98.57372578849471
1364040,1263,1080,-40.12403827098953,31820.0,172160869.9132797,55689862.88835182,584.0,106.17975566325809
1365120,1264,1080,-47.428068993400366,40136.0,192454175.6773036,62259042.68768944,536.0,134.17143296783425
1366200,1265,1080,-44.90246097271929,36504.0,186525102.98316824,60334371.1167901,572.0,120.5858068998269
1367280,1266,1080,-44.24058519456814,36784.0,183035010.95690978,59208785.24224565,572.0,123.59871177182539
1368360,1267,1080,-38.57085025405138,29440.0,168706666.27212638,54570409.361279115,582.0,99.11247767994074
1369440,1268,1080,-43.26756074932145,32990.0,177732481.98967192,57487882.207583986,569.0,115.58527445805332
1370520,1269,1080,-46.65070226124365,35408.0,182996207.40591365,59190160.653414436,555.0,124.939336670796
1371600,1270,1080,-38.15984268527144,29188.0,162895270.75136286,52703497.59584891,551.0,97.0370758641969
1372680,1271,1080,-40.40920721951309,30340.0,167805274.05949363,54286695.34536048,552.0,104.61862497197785
1373760,1272,1080,-39.584759079311894,30616.0,166476985.11768723,53857187.78660987,544.0,105.22855524940425
1374840,1273,1080,-43.40314865931824,35184.0,178665596.67498967,57798331.943632714,569.0,117.45515532123136
1375920,1274,1080,-55.13437413770528,49196.0,208145440.18723512,67342683.57374036,545.0,164.92639527957414
1377000,1275,1080,-49.18088540207764,43398.0,191522246.82498384,61971179.33126797,557.0,142.53654877884372
1378080,1276,1080,-39.61533465541774,31022.0,170747953.51446062,55232441.58625087,552.0,104.43278947958919
1379160,1277,1080,-58.7793623260803,53158.0,227326878.3132117,73537728.39265886,537.0,177.9654938469812
1380240,1278,1080,-44.032661950168375,35916.0,181053344.62531897,58566711.96146327,566.0,121.95637818631597
1381320,1279,1080,-38.844855204791074,31246.0,168946029.99567991,54652303.316570364,551.0,105.67724425995081
1382400,1280,1080,-43.63244887581408,37108.0,179937402.2726446,58224190.234122105,557.0,120.38200630203107
1383480,1281,1080,-42.89005478973882,33724.0,178513923.20892033,57743012.36481429,546.0,117.38527183329539
1384560,1282,1080,-54.04507931429517,48380.0,211586560.66974607,68449491.83513941,556.0,161.5414805787911
1385640,1283,1080,-43.29142606887419,34770.0,179949433.66648546,58212976.577624224,559.0,117.33094990627279
1386720,1284,1080,-40.793142229404936,32014.0,170507367.39807984,55158509.85199591,544.0,108.20679695196777
1387800,1285,1080,-38.306541371574816,31350.0,169269254.7025733,54759006.687616505,585.0,102.75899428463684
1388880,1286,1080,-49.06587892626216,42078.0,193945371.69106978,62751569.119880326,551.0,143.39162803750233
1389960,1287,1080,-47.82124152332934,40066.0,193330740.8623302,62542977.314490326,572.0,138.09265980936115
1391040,1288,1080,-38.48895980114287,29878.0,169042804.857249,54672353.7207444,559.0,102.84639260367467
1392120,1289,1080,-40.355428674134906,31456.0,171467345.43675813,55466329.50581293,556.0,106.10341676472837
1393200,1290,1080,-49.60669353371978,43156.0,199770042.19541568,64625920.087186456,568.0,144.35253584565774
1394280,1291,1080,-38.559901415202106,30588.0,168471880.62222454,54499277.4564072,559.0,103.0245179902476
1395360,1292,1080,-38.97311209996097,29562.0,170869659.6158719,55264966.34188706,543.0,101.46820856643298
1396440,1293,1080,-39.484875043501255,30284.0,169610016.3327542,54861095.80986886,552.0,104.89087385976103
1397520,1294,1080,-36.943277218095986,30124.0,167328286.03385338,54128466.67413025,585.0,99.44886057129537
1398600,1295,1080,-41.98160777068199,32656.0,175741886.9817094,56843904.61076076,563.0,115.54576626444685
1399680,1296,1080,-45.93674841204978,38290.0,186826941.04733974,60441201.3285184,555.0,131.12270693568564
1400760,1297,1080,-44.737452021604824,36766.0,184811446.70453337,59784675.94954274,551.0,125.29218090039319
1401840,1298,1080,-41.551516626136575,34040.0,172987874.95918405,55965431.53903159,543.0,114.8222721620219
1402920,1299,1080,-38.8475429150772,30644.0,170761025.0868565,55230470.43177182,581.0,106.98266340844492
1404000,1300,1080,-65.99037323781853,61686.0,240553309.44390893,77835995.5401516,520.0,207.33923343928086
1405080,1301,1080,-40.96552593624825,33056.0,173007220.67279708,55962448.22587049,546.0,115.07026304979432
1406160,1302,1080,-42.229134804961504,34540.0,179364128.90633222,58017685.110261925,550.0,117.86972202724651
1407240,1303,1080,-39.80301058955875,31400.0,172256120.68718386,55717218.64623443,548.0,108.510671024754
1408320,1304,1080,-39.03073585215314,31512.0,169909745.15608427,54958857.72737954,532.0,107.31609245040876
1409400,1305,1080,-46.04345343380787,38024.0,187657248.43662688,60706352.398786426,547.0,133.5845466070205
1410480,1306,1080,-39.40031065464696,32304.0,170387100.9980689,55123998.89859482,536.0,110.0231666587047
1411560,1307,1080,-43.91412536297738,36438.0,184329552.42297575,59623872.22948768,579.0,127.099504144129
1412640,1308,1080,-50.92133163629805,45030.0,200853967.69543654,64977200.161043614,590.0,158.29607347761487
1413720,1309,1080,-38.7233170934347,31042.0,170785305.91547987,55244277.16442897,567.0,107.93355679045864
1414800,1310,1080,-42.31496009596654,35974.0,180521470.87726796,58402257.27605071,590.0,123.60367728750958
1415880,1311,1080,-39.4684139761917,30880.0,170094311.31078497,55021676.72561168,555.0,108.04215647453437
1416960,1312,1080,-44.893564150850125,37658.0,184960263.61612934,59829745.925005764,553.0,129.76192648383946
1418040,1313,1080,-46.54972976395976,39552.0,189553448.9163557,61319860.383861996,568.0,136.4176560472561
1419120,1314,1080,-42.38195487483756,35610.0,176315373.35162795,57039450.70202831,560.0,122.20499881592832
1420200,1315,1080,-39.91355567060113,32130.0,173634070.65697673,56166197.38173204,578.0,110.95688512812151
1421280,1316,1080,-56.630169551616554,51618.0,214593771.4138713,69432101.94915643,549.0,174.38681087893335
1422360,1317,1080,-40.450797102531354,33862.0,170986826.47861764,55316060.80365018,560.0,114.10430230447241
1423440,1318,1080,-37.21105348694737,30160.0,168474896.4300992,54496197.60947691,568.0,103.30222593559068
1424520,1319,1080,-56.58349959783737,50290.0,215354916.2662569,69671033.03420869,547.0,172.37084641945953
1425600,1320,1080,-51.665957161440375,44386.0,200027463.9997267,64709669.95066168,529.0,152.04162813216246
1426680,1321,1080,-45.455949446543556,37298.0,184991605.22056904,59838734.69266783,552.0,131.56914778238948
1427760,1322,1080,-42.620369361094,35302.0,175221523.98838803,56689112.76258707,571.0,118.77902319392241
1428840,1323,1080,-52.784921761216935,48500.0,207276769.24179384,67063740.96680922,563.0,161.63049645818998
1429920,1324,1080,-37.54409452812384,29278.0,164832645.67622694,53322199.92454408,550.0,99.77047471356163
1431000,1325,1080,-39.40200930308289,30782.0,167422894.48879975,54155624.80846189,573.0,107.55026618646397
1432080,1326,1080,-43.81797472797838,36946.0,177144052.2401705,57315755.877948925,556.0,123.16178338918465
1433160,1327,1080,-58.95956089007479,54772.0,225110126.08969262,72845801.05954339,545.0,181.9222612069425
1434240,1328,1080,-39.0280150841683,30742.0,167693793.2329141,54247126.592593305,547.0,105.69653118633454
1435320,1329,1080,-37.88453935458766,31012.0,170447863.4578402,55136500.27273679,594.0,105.1904264394766
1436400,1330,1080,-51.37537246139011,44526.0,201231342.63375804,65106952.439265706,547.0,153.49050596516915
1437480,1331,1080,-39.83323576667641,32642.0,177200608.69053817,57311761.32209998,570.0,113.28055872948582
1438560,1332,1080,-39.88380283221372,31944.0,172068300.02864864,55656248.17839926,558.0,112.57160886203371
1439640,1333,1080,-42.83331177748964,34502.0,176485444.3447184,57092148.74939637,559.0,120.88162555390889
1440720,1334,1080,-53.12580880319386,47458.0,206479102.2461701,66807995.16432963,544.0,162.48615511501646
1441800,1335,1080,-45.80008580848201,39790.0,189780628.49831372,61403453.52495381,543.0,133.42352644642375
1442880,1336,1080,-49.598352323590575,42458.0,194073232.09851676,62788793.561668105,529.0,147.29100262450712
1443960,1337,1080,-52.82810827509657,46108.0,204029678.06443867,66008221.75305762,533.0,157.5162039237175
1445040,1338,1080,-41.434924011164156,31938.0,171956157.740948,55626318.24300283,542.0,110.4888929580358
1446120,1339,1080,-52.512327760339005,45810.0,202272171.68968794,65437142.70760716,531.0,155.11473198780592
1447200,1340,1080,-41.00555124753531,32148.0,172000575.9188145,55642960.684845,561.0,112.16178493384275
1448280,1341,1080,-38.05117708094762,30048.0,167931653.73382625,54319921.08009905,556.0,103.27663283605065
1449360,1342,1080,-39.94182148266661,32062.0,170372712.28946397,55113937.44813397,536.0,109.02761989179314
1450440,1343,1080,-41.23002980962603,33094.0,173020876.98902455,55970028.5552377,543.0,115.89840463770085
1451520,1344,1080,-41.53882535814629,33346.0,172488907.30540136,55799226.78773388,554.0,115.51248147084696
1452600,1345,1080,-39.594551173724696,32084.0,169077323.3225972,54696196.7598789,548.0,111.37477273567575
1453680,1346,1080,-40.066456323102805,34574.0,173862859.73497275,56248848.43258827,574.0,116.04961509435294
1454760,1347,1080,-44.731725589210434,37530.0,187692988.75126112,60714049.23647837,564.0,130.56289176050774
1455840,1348,1080,-44.75072250112552,35634.0,182358577.06011054,58989832.49645178,539.0,126.27237808663585
1456920,1349,1080,-40.8685668671946,32280.0,174678315.56478113,56499991.77648436,554.0,115.2098797037153
1458000,1350,1080,-38.08241855640854,29634.0,167337716.1669503,54127868.868632555,555.0,101.74056460927868
1459080,1351,1080,-40.75258490427896,34622.0,172984883.4093954,55970900.17231435,571.0,116.86919015166
1460160,1352,1080,-37.610707844113726,29760.0,160149417.19380093,51816575.99350895,558.0,103.07158312810418
1461240,1353,1080,-43.892713703574884,37010.0,181949276.10922602,58867643.71065644,572.0,125.42431821226835
1462320,1354,1080,-39.76582176191312,30536.0,169127021.45496005,54705053.8360897,546.0,106.51579903972544
1463400,1355,1080,-44.934159379295124,36860.0,184021705.6792096,59532794.857525304,551.0,126.83503285390958
1464480,1356,1080,-41.33582301255402,35596.0,176675441.95323795,57167246.11117321,594.0,118.92116635387391
1465560,1357,1080,-39.89993480752004,32372.0,172730860.329885,55876771.94188461,578.0,111.7363642805478
1466640,1358,1080,-66.92335445967063,62926.0,243160429.2506541,78675579.95411354,529.0,214.80585558812362
1467720,1359,1080,-38.47028476942991,30556.0,167034626.59612906,54032520.4632088,541.0,104.22669313255737
1468800,1360,1080,-45.38154784744945,39204.0,189736177.79670894,61377749.50585065,556.0,133.96263267538254
1469880,1361,1080,-51.484548244446145,45432.0,198312359.79043368,64173269.70103636,535.0,152.2876993793617
1470960,1362,1080,-38.00091544651271,31050.0,170801081.07980666,55249016.95176094,584.0,107.59176338710938
1472040,1363,1080,-42.396418310226196,36410.0,179748626.63608027,58145688.899784856,565.0,124.35565462658118
1473120,1364,1080,-41.58076651692147,33768.0,171304699.01512942,55420286.24500429,540.0,115.89564875116662
1474200,1365,1080,-41.15951576328335,34734.0,172474690.23396757,55805662.63444806,557.0,116.47216285175656
1475280,1366,1080,-47.303181234989665,41402.0,194659186.26207307,62970252.488335036,557.0,141.46420820399194
1476360,1367,1080,-41.01787506025745,33536.0,174648709.9281734,56495181.22130261,582.0,117.04452587121034
1477440,1368,1080,-43.47337695848172,34334.0,179114068.10723552,57941791.767559856,553.0,122.29179918326977
1478520,1369,1080,-40.06775648219627,32540.0,171453021.82583326,55469106.86161646,532.0,110.22086046726224
1479600,1370,1080,-43.81626856292823,34364.0,176420700.47000673,57071029.314799674,534.0,119.41853073400809
1480680,1371,1080,-40.770057462778205,33100.0,170687193.64392224,55222938.94986453,578.0,114.55572870819395
1481760,1372,1080,-38.01577499592966,28620.0,162933098.3924175,52701509.24437258,533.0,98.14497213618385
1482840,1373,1080,-45.027715257090534,37152.0,183062118.1230414,59218262.70452314,557.0,129.13846470103337
1483920,1374,1080,-38.65478229537898,30022.0,167162944.22640315,54070133.788799696,551.0,104.02661256286983
1485000,1375,1080,-41.30398219578156,34334.0,176524146.83114716,57106362.86008933,551.0,114.81493811662989
1486080,1376,1080,-41.320976800522104,33818.0,170278708.33191627,55086907.810345076,597.0,118.53288489250916
1487160,1377,1080,-40.710954645814056,32062.0,174202937.32440656,56349881.39311816,571.0,110.67842772840353
1488240,1378,1080,-46.5933505967969,39488.0,189388916.49198186,61261286.99910363,528.0,134.59999887023602
1489320,1379,1080,-47.9872700298361,41884.0,190609472.37049407,61671787.69750933,538.0,140.46663094752614
1490400,1380,1080,-37.505277471796404,29356.0,164511182.6649986,53220135.19688037,578.0,102.77296519393589
1491480,1381,1080,-41.10768730242337,31862.0,169951819.12651065,54980020.685258366,539.0,111.25250681102513
1492560,1382,1080,-56.03406815637905,49382.0,214999431.93100676,69560670.00291128,558.0,169.07951761141888
1493640,1383,1080,-41.039255577837395,33884.0,175443379.9666307,56752690.13731385,566.0,115.7222267507071
1494720,1384,1080,-38.489019737785846,30546.0,168791689.1956879,54597686.81849077,602.0,106.03446495295604
1495800,1385,1080,-41.90726079875739,33128.0,174988428.13796476,56603059.46847091,564.0,114.66566282260962
1496880,1386,1080,-39.730410939083676,30610.0,170362815.2512788,55106514.280330576,570.0,106.78925974915663
1497960,1387,1080,-39.814094780228686,30626.0,170568568.6737934,55171549.18181382,555.0,107.49321691824028
1499040,1388,1080,-43.12826845986025,35988.0,176878516.06200123,57224645.568363756,562.0,122.57981449992599
1500120,1389,1080,-41.07958624758733,31008.0,172876235.0997154,55914987.042042255,544.0,107.88564475685726
1501200,1390,1080,-48.11617125333673,41932.0,192130941.90079722,62161266.8264019,565.0,142.02738757896893
1502280,1391,1080,-40.51156214124401,33044.0,170572171.0628501,55179777.77036172,531.0,112.35996312081426
1503360,1392,1080,-38.83417461926631,30906.0,172003305.01458535,55635679.16053064,580.0,104.76561927051571
1504440,1393,1080,-40.76494037295161,30580.0,171370450.05071324,55422337.575301886,575.0,109.00172778691483
1505520,1394,1080,-40.252893480629794,31078.0,166340647.91133723,53813030.37752137,544.0,106.49149561988915
1506600,1395,1080,-36.93057753515101,29098.0,161275969.82590762,52172877.20327416,575.0,98.52315982785836
1507680,1396,1080,-39.47265411833901,30704.0,171352353.3018464,55419340.92312666,556.0,104.80974333114274
1508760,1397,1080,-42.181275177945096,32830.0,174120722.08471116,56321149.65731758,564.0,114.70446849538462
1509840,1398,1080,-66.25619652035819,63874.0,247142531.29500028,79975988.70589048,555.0,209.20859734939737
1510920,1399,1080,-46.067420918354756,38112.0,182135245.27840653,58932917.06012844,554.0,128.79569152011942
1512000,1400,1080,-39.70991095989946,31356.0,170542866.41088992,55167770.0428042,548.0,105.23025997120529
1513080,1401,1080,-40.7630619970354,31534.0,170244072.02619237,55071954.00246708,545.0,106.98382012385595
1514160,1402,1080,-54.640406138185085,48054.0,212348092.87300998,68699288.25199153,574.0,166.21352347920316
1515240,1403,1080,-46.153944185261366,39270.0,192212471.22579375,62177060.40775306,580.0,134.7020456504705
1516320,1404,1080,-39.470219772728825,29974.0,169491842.8588449,54824406.032371536,577.0,102.44527149022203
1517400,1405,1080,-45.68508890160469,37328.0,188373848.4113592,60934756.13360556,562.0,128.40399220921014
1518480,1406,1080,-38.338235123829236,28938.0,161241570.482346,52161089.95085584,535.0,97.29969484487978
1519560,1407,1080,-40.54149834781019,31564.0,168182590.18849564,54411917.07414934,540.0,105.50698934280256
1520640,1408,1080,-38.14640121972605,28676.0,164241086.74487,53126918.96700092,553.0,97.32435949858876
1521720,1409,1080,-38.97615297518577,29688.0,167927976.57863438,54321785.474003814,551.0,99.29092132511737
1522800,1410,1080,-43.70053355637681,35380.0,181431025.7626209,58694620.790051475,559.0,119.90165339549085
1523880,1411,1080,-42.93980340313424,32468.0,175956986.96558967,56917061.460525535,543.0,111.59389089016787
1524960,1412,1080,-37.50452887881631,27552.0,163705223.39948937,52953698.98407736,546.0,93.8353576538352
1526040,1413,1080,-38.9868348090569,28606.0,167362947.34403166,54130572.4164099,531.0,96.76078317604484
1527120,1414,1080,-53.37079688820934,46130.0,197457139.01417297,63890219.95576141,551.0,158.1900745316198
1528200,1415,1080,-38.47008343693668,27596.0,162291720.1108083,52496465.29752091,546.0,94.87084927914321
1529280,1416,1080,-39.17147451305,28132.0,166346414.17788061,53808039.74218583,565.0,97.8520581021528
1530360,1417,1080,-37.806679495511304,29254.0,161634810.72912195,52292376.38261505,568.0,98.29868346697974
1531440,1418,1080,-39.4378301566277,28280.0,166215891.483878,53761117.921581626,552.0,96.64210929703479
1532520,1419,1080,-41.153467536077954,31286.0,172877547.82349724,55918500.21258007,579.0,108.29921744624048
1533600,1420,1080,-39.675955295251555,30186.0,168019418.49016955,54352752.84014818,566.0,105.3075733372423
1534680,1421,1080,-45.47917917336401,35514.0,178567732.07237542,57767949.51431072,547.0,125.60125878609512
1535760,1422,1080,-40.73807195242578,31242.0,171130539.52852535,55362673.0816758,548.0,106.9373474301733
1536840,1423,1080,-37.866657989855625,29084.0,164083160.78965378,53085095.39522078,553.0,96.75133838841624
1537920,1424,1080,-54.34621027071939,46972.0,206350601.0957018,66764396.36801867,570.0,159.74549903939388
1539000,1425,1080,-39.458422833345494,28964.0,170640352.41522837,55186978.56002471,577.0,100.13977201506395
1540080,1426,1080,-44.41372869753478,35646.0,182350201.89681745,58983784.10128159,574.0,121.27123369957793
1541160,1427,1080,-38.771682835310024,28534.0,162671707.4861905,52624575.01503718,531.0,94.80477294811823
1542240,1428,1080,-37.457122459101456,27204.0,160583788.9543191,51945035.26644561,577.0,92.76439944041378
1543320,1429,1080,-38.23931967499064,29876.0,162319886.06742337,52517604.862969555,549.0,98.48638368835994
1544400,1430,1080,-44.70117749197959,35800.0,180730930.6120934,58469865.120888546,564.0,120.96894467007034
1545480,1431,1080,-40.2067674736177,30990.0,172965683.9898822,55947495.17415519,579.0,106.49980276594009
1546560,1432,1080,-47.32662099199831,40642.0,190660618.68823233,61685144.168468714,556.0,133.6128307135658
1547640,1433,1080,-50.265970355620965,42498.0,193896719.48454916,62732414.87506511,571.0,144.47162224059875
1548720,1434,1080,-40.27543712491517,30028.0,170743939.75243166,55224794.64016809,572.0,103.45752132048048
1549800,1435,1080,-43.574157956655725,34920.0,181268311.21394795,58637344.85663272,552.0,117.74327895341067
1550880,1436,1080,-39.364821245731875,28844.0,165717987.57388917,53602752.66991929,557.0,99.94511856261191
1551960,1437,1080,-39.69024563299478,29778.0,169016083.9107849,54670219.909785576,553.0,100.71877502039779
1553040,1438,1080,-38.46649158385503,27240.0,164211520.69295177,53113917.56181102,543.0,92.00506063242727
1554120,1439,1080,-44.33910013224117,36040.0,183942947.4664037,59506219.8263075,574.0,119.01618501103196
1555200,1440,1080,-35.76943199715623,26774.0,158023646.22232497,51117623.56285307,573.0,91.05148578117137
1556280,1441,1080,-38.58150802907101,30054.0,166636064.83470982,53906314.62383294,553.0,100.48309135497112
1557360,1442,1080,-41.61685933472174,31144.0,168827890.3925446,54620467.13882976,528.0,105.53931495408007
1558440,1443,1080,-40.45480297961472,28970.0,166848021.49762326,53972440.932509065,540.0,100.95656707374962
1559520,1444,1080,-37.95706391296263,28198.0,166102198.83122775,53724830.5770934,562.0,97.30253054678627
1560600,1445,1080,-41.14007811900868,31072.0,166056339.93907243,53719092.65900637,532.0,107.16269801653809
1561680,1446,1080,-36.34729652943585,28940.0,164524472.133415,53221920.040765546,592.0,95.61910519639571
1562760,1447,1080,-36.71539489086247,27470.0,162181278.85396895,52462006.31579256,572.0,93.3989011820435
1563840,1448,1080,-43.11028858721237,36066.0,180836960.2001003,58504758.62616596,554.0,120.11592901529546
1564920,1449,1080,-39.81845703083902,29074.0,168257189.49112144,54421724.8319771,534.0,101.48551389288089
1566000,1450,1080,-58.8308907747865,54980.0,220275654.47875738,71282083.2566744,530.0,178.21445209971841
1567080,1451,1080,-38.60796479133031,29008.0,162331550.20475596,52518061.19089391,517.0,98.17310830741117
1568160,1452,1080,-38.64693696615286,29496.0,166860374.33924142,53975670.30345427,549.0,99.07738377791554
1569240,1453,1080,-40.199645603528815,30996.0,169415111.7777558,54804376.93489538,525.0,105.1419452314116
1570320,1454,1080,-43.58319313834754,35880.0,177538411.7088517,57442229.18171142,522.0,117.50517669565161
1571400,1455,1080,-40.608364448108105,30104.0,169609650.8949878,54866654.28104073,529.0,102.24726410546849
1572480,1456,1080,-38.08369892109921,29200.0,162649566.0319137,52625009.86650784,558.0,97.71353097157889
1573560,1457,1080,-39.76689575875992,32244.0,173260606.35225424,56042651.93637592,586.0,109.9834395942975
1574640,1458,1080,-38.014224862980385,29102.0,165815889.94706553,53640906.06949602,560.0,96.85449525576782
1575720,1459,1080,-41.229605556122735,32010.0,173267240.64520386,56049047.41630528,548.0,107.86925707581749
1576800,1460,1080,-38.21413814473516,29028.0,166172434.6581484,53750877.775563665,564.0,98.0076005745837
1577880,1461,1080,-45.51942807752128,37328.0,185819005.10463735,60104753.25969779,571.0,128.22983533362626
1578960,1462,1080,-45.32759843630129,36288.0,184449607.06596223,59661523.25271889,552.0,122.73810554505096
1580040,1463,1080,-38.16807597686847,28614.0,162782969.65605164,52650822.717780374,552.0,97.48935487085372
1581120,1464,1080,-53.527278810308964,47850.0,201996989.80813718,65362469.7017896,542.0,159.77533344735795
1582200,1465,1080,-41.12025459062354,33148.0,176944600.5518548,57233701.51453315,571.0,111.41176982270171
1583280,1466,1080,-45.58625435366481,36000.0,183365989.47791404,59313748.876904644,537.0,122.08396058318633
1584360,1467,1080,-38.93111129850482,30220.0,167780121.17738795,54275639.50312232,576.0,103.40235949337554
1585440,1468,1080,-40.593309725116654,30188.0,168638063.6325663,54549360.21071681,546.0,105.61099268868844
1586520,1469,1080,-51.18392126727787,44436.0,198305094.51369503,64157649.62121608,538.0,149.41184678067518
1587600,1470,1080,-39.50084086163874,30434.0,170322758.43388876,55096019.094163194,573.0,104.3911513710533
1588680,1471,1080,-39.802070332768324,30948.0,171014999.6503129,55320828.15429598,552.0,105.65869044633482
1589760,1472,1080,-44.62848744674892,37156.0,182346734.10480392,58992518.204392664,534.0,124.76790305767592
1590840,1473,1080,-46.0449455792408,40142.0,192506537.43225405,62280957.87942658,554.0,132.21975027505826
1591920,1474,1080,-41.310389883665245,31756.0,173323115.1706825,56064875.40094875,545.0,111.5678453538897
1593000,1475,1080,-39.670982542951904,31622.0,171111518.53652853,55349711.6699846,562.0,106.2245473225464
1594080,1476,1080,-46.079006328318584,38332.0,184921850.50216395,59829250.5653289,560.0,129.97285403926227
1595160,1477,1080,-46.880098610940315,38620.0,185821314.40458375,60119223.47624195,503.0,128.33888509406512
1596240,1478,1080,-43.48744647129929,38182.0,183806642.28039262,59463925.33773149,585.0,127.47814942461979
1597320,1479,1080,-38.93155954414401,31838.0,174266619.24458256,56366228.9804141,613.0,109.67532536494672
1598400,1480,1080,-49.34164793177851,43948.0,200428987.97502732,64838733.48653583,579.0,147.27599769370272
1599480,1481,1080,-41.30960173310659,32604.0,173269359.5362456,56049499.300993964,586.0,113.64367275383086
1600560,1482,1080,-51.97597365400412,46058.0,206399317.74429333,66773778.47959402,566.0,156.68189225408207
1601640,1483,1080,-41.02004995920043,30472.0,170775190.353474,55241199.98943419,533.0,103.7004186915437
1602720,1484,1080,-38.30507912412531,29890.0,168370808.4908254,54462156.3368406,564.0,100.63762776119594
1603800,1485,1080,-41.702176924025515,30298.0,170767274.0842717,55235233.49856053,525.0,106.00455931953545
1604880,1486,1080,-42.25429532997796,32940.0,176488847.22379768,57087719.771993175,545.0,114.3139579475217
1605960,1487,1080,-59.446698420546696,51114.0,224279017.2835334,72551866.68921748,543.0,177.3044142819945
1607040,1488,1080,-65.50860307663172,61802.0,240971424.33862674,77970624.07752825,545.0,203.87157728430427
1608120,1489,1080,-55.42113229823292,46228.0,206902517.09084442,66930868.52431127,509.0,160.38357607709537
1609200,1490,1080,-53.00850011348443,46998.0,207472927.306809,67121720.99646246,565.0,156.18202691824615
1610280,1491,1080,-39.85637044841573,30674.0,171176600.2634464,55366361.258274004,568.0,105.59146892363508
1611360,1492,1080,-38.53746830448878,28900.0,163501246.55134153,52891679.15733349,574.0,98.86144282760067
1612440,1493,1080,-37.16702727298338,28200.0,158917634.23313513,51410724.85033604,568.0,94.94260343031792
1613520,1494,1080,-44.99438817117291,35456.0,184920571.3653617,59809999.97525231,579.0,124.0302904371499
1614600,1495,1080,-52.11859835272321,44814.0,199195879.55826402,64451574.64756773,554.0,150.71323420349302
1615680,1496,1080,-38.96583478659291,29332.0,167201647.4912327,54092720.86763506,549.0,97.05281863145008
1616760,1497,1080,-37.04354043457377,29022.0,164746821.885219,53293758.92687918,587.0,98.45256506131119
1617840,1498,1080,-41.60525335754011,31292.0,171970684.32933754,55627357.9739474,529.0,106.31700505770321
1618920,1499,1080,-42.3750481796698,33896.0,175755576.72798228,56860475.13415075,556.0,113.62663830517076
1620000,1500,1080,-47.25551567151098,39130.0,193373783.8276581,62549649.66638152,540.0,135.2087341961969
1621080,1501,1080,-36.60325887855604,27146.0,162267919.4107126,52486915.431373365,560.0,91.37665518402326
1622160,1502,1080,-38.86135543702575,30356.0,166471668.70155996,53855716.850886285,581.0,102.98583438381296
1623240,1503,1080,-62.33943502289628,56442.0,230765326.21369106,74653887.31375882,550.0,194.01583022841325
1624320,1504,1080,-39.850462110692504,29898.0,167976696.87927228,54334651.261425145,532.0,101.86566005932497
1625400,1505,1080,-736.087195797171,1110518.0,1755364695.940683,568588139.6843834,255.0,3419.1952618229843
1626480,1506,1080,-38.12990256201253,29394.0,164982239.12927088,53372814.35368412,540.0,100.07620750580433
1627560,1507,1080,-41.2626825563143,31464.0,168093294.77685863,54375090.56487713,524.0,109.43706966947738
1628640,1508,1080,-39.47649359575861,30408.0,167522408.61456367,54190872.86547117,553.0,102.57840560180335
1629720,1509,1080,-55.65538087199238,47600.0,211850941.17049766,68531077.29176699,574.0,166.95076202822875
1630800,1510,1080,-38.80362426071013,28410.0,166905457.53673065,53986780.44517078,593.0,98.1411656466456
1631880,1511,1080,-52.156792987067405,45374.0,204789383.21758398,66254366.50620799,555.0,151.114084974914
1632960,1512,1080,-43.029839888443476,34260.0,179177827.54203132,57959884.081372716,563.0,116.17026864829177
1634040,1513,1080,-39.6858169182838,30146.0,170752676.4524317,55227698.44771489,577.0,102.58403235212278
1635120,1514,1080,-45.89623279093177,37736.0,182835632.35256413,59157166.37567213,552.0,123.24416754796081
1636200,1515,1080,-39.04975069190509,28752.0,163581441.93214202,52917333.757948555,508.0,95.89370708377484
1637280,1516,1080,-36.88618614215486,28282.0,164148661.6834151,53098396.49770029,571.0,93.60249550636136
1638360,1517,1080,-38.378235689975696,28214.0,165885054.99395075,53651874.81432197,539.0,95.16672551796776
1639440,1518,1080,-48.676281178179224,40044.0,196566673.48868695,63593272.06784221,583.0,136.2134772096476
1640520,1519,1080,-37.97388456890495,28312.0,162534682.02489397,52576120.77145204,569.0,95.44225379420699
1641600,1520,1080,-40.86951070076702,32238.0,171804611.6544904,55579552.30557778,562.0,108.9153866050309
1642680,1521,1080,-44.13824626499846,35060.0,178632719.31781715,57788101.0094981,555.0,118.19222072770654
1643760,1522,1080,-42.54503487676382,32534.0,176045945.73770353,56944146.20833151,554.0,111.36203271758275
1644840,1523,1080,-40.13108341720678,30200.0,168179920.03459552,54395166.7885501,563.0,101.31386390450741
1645920,1524,1080,-43.15476397282869,36320.0,183000332.84431696,59201319.51574434,594.0,118.71893036886543
1647000,1525,1080,-38.95898955973137,29808.0,171319460.7605724,55415092.12526624,579.0,98.28777980722327
1648080,1526,1080,-40.02029477140671,29790.0,167588578.4536124,54209747.630647816,556.0,102.36798605921847
1649160,1527,1080,-40.542822669212256,29790.0,171018853.06633344,55313640.970647715,560.0,102.26150551175391
1650240,1528,1080,-39.894145697515974,29472.0,164587904.60501397,53245139.20490863,528.0,99.25424911158605
1651320,1529,1080,-42.75802601536405,33632.0,172217569.76013458,55716464.0486847,553.0,113.9404104820512
1652400,1530,1080,-37.581844077197744,28344.0,161438986.13228816,52228467.392596334,545.0,93.94288845018937
1653480,1531,1080,-40.28985691486881,30580.0,166877643.09670553,53985851.01788613,572.0,105.51305923236447
1654560,1532,1080,-41.910879837882085,32182.0,175341732.96700263,56716717.92966236,557.0,108.9689086938739
1655640,1533,1080,-38.69488015246634,29046.0,162942818.8219151,52714273.99339351,556.0,98.11396670083441
1656720,1534,1080,-38.05292182340554,28874.0,164085704.57229197,53075522.739386626,547.0,95.4197213948067
1657800,1535,1080,-40.069091827590654,31330.0,170830082.41034055,55264754.94911433,550.0,103.59600100736161
1658880,1536,1080,-45.34666892278379,37264.0,187297875.10832494,60589310.90657884,553.0,121.73136507410612
1659960,1537,1080,-37.86379338056778,30220.0,166267828.14948586,53793128.442041464,565.0,97.73197950576167
1661040,1538,1080,-41.4353490123782,32050.0,169293369.64477682,54769720.64526767,571.0,110.95412395070612
1662120,1539,1080,-51.731074036066005,44518.0,203479882.83663532,65825384.3490668,580.0,149.13240633228574
1663200,1540,1080,-43.627655537506044,35100.0,179080436.13080007,57933512.91315772,519.0,116.47730033641716
1664280,1541,1080,-44.48285691035932,35368.0,177603245.38826945,57457534.209532656,537.0,117.97888236529701
1665360,1542,1080,-49.313519373582615,40124.0,189788925.34913942,61403563.12803385,537.0,133.05934890252658
1666440,1543,1080,-45.47422226619611,36498.0,186694824.49110293,60393069.336003214,579.0,120.88736008864191
1667520,1544,1080,-57.07919961725074,49932.0,211540626.6618328,68452501.92199968,531.0,165.1126693710246
1668600,1545,1080,-38.991449468138285,29248.0,168224596.57554045,54418188.41270255,547.0,96.52244043692512
1669680,1546,1080,-44.21447125359717,35030.0,183024363.3128944,59202179.14996675,556.0,117.31640112773563
1670760,1547,1080,-38.73606898650756,28406.0,163947057.61073494,53034333.33976693,539.0,95.7964646420771
1671840,1548,1080,-55.83897499954741,47764.0,209819151.47126147,67880452.15582253,552.0,161.2712762945681
1672920,1549,1080,-39.14583545082766,28260.0,166694692.72785088,53918297.22794739,545.0,96.09888824859654
1674000,1550,1080,-40.54549210664403,30526.0,169566025.27185455,54850346.82803431,579.0,104.48310390450433
1675080,1551,1080,-41.41933331383058,30848.0,171966163.6287,55628511.99486841,544.0,104.32616005884782
1676160,1552,1080,-37.82551020552105,27676.0,164959312.94703713,53352626.66707843,581.0,94.43784696578865
1677240,1553,1080,-49.77553051433313,41792.0,197140251.90846226,63776876.90282961,556.0,139.8691962524988
1678320,1554,1080,-52.29262106100644,43274.0,198262203.89768615,64140551.581296384,579.0,148.47677414228008
1679400,1555,1080,-40.356719772678744,28734.0,163879048.19604224,53009226.5465811,551.0,98.44411362538224
1680480,1556,1080,-38.38003412519096,27660.0,160653709.99902976,51970692.7234616,526.0,93.09636263995212
1681560,1557,1080,-38.37647981642434,27896.0,165273180.65596053,53451876.56737052,542.0,92.39765124444602
1682640,1558,1080,-46.35587463932215,35866.0,183030822.31949124,59207162.48506217,536.0,122.6542978256857
1683720,1559,1080,-42.3056468280994,32178.0,170907292.7259952,55287108.7473254,537.0,108.66782729256036
1684800,1560,1080,-49.76319349069925,41744.0,195372390.36131716,63204581.240489215,588.0,140.05844086394907
1685880,1561,1080,-45.41532421912332,36520.0,185325179.54641855,59953532.26821585,577.0,123.14854924620585
1686960,1562,1080,-37.30799937440395,26654.0,161648982.1900229,52290691.50308853,555.0,90.06019648856781
1688040,1563,1080,-37.47124243513087,28216.0,164356164.1645433,53167289.34153522,576.0,93.63463284279365
1689120,1564,1080,-46.723698626111,35778.0,184933383.47786325,59824086.07850031,555.0,121.02067771621327
1690200,1565,1080,-46.25899623015124,36714.0,182176426.2551843,58940922.3968662,546.0,121.06819619080734
1691280,1566,1080,-38.67219066926038,28592.0,166569382.67260653,53878054.39350904,557.0,95.26059410947146
1692360,1567,1080,-44.25605543296365,35672.0,176849555.3467122,57220881.895991035,549.0,115.48411869418523
1693440,1568,1080,-38.096167019933304,27384.0,161508454.00885347,52247628.080879,549.0,91.02338844941575
1694520,1569,1080,-45.71920329164877,37226.0,181994739.23564842,58883373.29213215,541.0,120.59578032395667
1695600,1570,1080,-39.318160764437536,28212.0,163575677.34180427,52914712.09542178,553.0,96.78833668098046
1696680,1571,1080,-37.355543350198474,27742.0,161579136.24642813,52269887.97162559,543.0,90.85547997148358
1697760,1572,1080,-43.74863554015299,33820.0,175881026.0050258,56907945.23460548,559.0,111.5962419988868
1698840,1573,1080,-41.99012529617741,31200.0,175637966.742776,56803759.04110043,576.0,109.25438812138579
1699920,1574,1080,-42.631939442158384,34568.0,178187968.67685297,57648476.60298396,570.0,112.63362293057094
1701000,1575,1080,-40.16162151841431,29734.0,165123149.94067687,53420723.639466584,557.0,99.94056674512177
1702080,1576,1080,-40.29713225538448,29960.0,168471220.23660854,54495613.04948062,557.0,101.1306511225079
1703160,1577,1080,-40.307077357328886,29250.0,167872798.07023296,54303823.62297665,552.0,99.47988180724502
1704240,1578,1080,-37.82822105011693,27358.0,159559446.44272813,51617839.260145664,546.0,90.23956749138965
1705320,1579,1080,-46.28029265929513,37720.0,187182414.6049354,60553369.4054069,565.0,124.23351317500499
1706400,1580,1080,-42.30332361318855,34730.0,177155820.00076213,57316340.60524195,595.0,112.78200326737931
1707480,1581,1080,-40.24016568140475,29506.0,171655820.4780278,55523157.706742026,547.0,99.05959585688744
1708560,1582,1080,-41.64661101833342,32186.0,175797397.25368062,56864171.152787715,567.0,109.37005924439435
1709640,1583,1080,-39.82132206858757,29948.0,167438336.99165708,54165047.814382665,541.0,99.76612473838945
1710720,1584,1080,-41.281955674830755,31166.0,166318242.40476096,53813099.90532372,540.0,103.62905034060306
1711800,1585,1080,-38.035492598730045,27180.0,164001110.03079572,53049942.83980863,566.0,92.49019396271741
1712880,1586,1080,-47.80461442969712,39276.0,191505202.97374272,61953550.5589421,558.0,131.42338993671217
1713960,1587,1080,-39.184613292339726,28948.0,166397420.27500483,53826759.19653219,574.0,95.42216397334882
1715040,1588,1080,-49.41208721987484,41188.0,192553307.18116084,62297050.44319399,562.0,135.59327849682174
1716120,1589,1080,-50.99238628016389,44354.0,203568763.16762277,65851351.02150447,570.0,147.62477942004512
1717200,1590,1080,-46.745899795986034,38180.0,184668187.7498449,59747938.56238537,550.0,126.03524704814836
1718280,1591,1080,-39.63842252326985,28872.0,165209116.83919427,53447742.41005259,536.0,95.63481078575991
1719360,1592,1080,-45.58081011706012,35296.0,182841747.42059094,59150796.64068454,521.0,118.85837792527653
1720440,1593,1080,-39.06263827602268,29280.0,168049964.80006772,54352265.852426775,586.0,98.12169906958766
1721520,1594,1080,-41.248890712040236,29402.0,171430134.98971117,55444258.51455325,545.0,101.07452170928998
1722600,1595,1080,-50.167038981659516,42672.0,197919515.7866509,64032816.18965472,547.0,139.27361109892874
1723680,1596,1080,-47.82172499188366,38244.0,190665041.94834164,61671414.13217098,562.0,130.39888018801892
1724760,1597,1080,-40.5261830469471,28780.0,169449543.61792836,54805307.08823673,533.0,98.02558356943614
1725840,1598,1080,-39.943840777020334,29456.0,170667724.5266655,55202419.18226016,531.0,96.9685246435498
1726920,1599,1080,-40.31090467755358,28908.0,164410364.33103326,53182576.832438156,549.0,97.32168864466854
1728000,1600,1080,-44.784290484797914,36336.0,183740702.11812153,59439683.18517449,574.0,120.00449292071006
1729080,1601,1080,-39.13117884997654,29418.0,164148206.15600616,53103231.96703126,558.0,97.08767012976804
1730160,1602,1080,-39.64117920824739,28598.0,167241849.12040865,54097524.41318706,560.0,96.66507309917165
1731240,1603,1080,-42.22416929845316,34596.0,177334492.65287653,57367027.64306624,584.0,115.44840605100165
1732320,1604,1080,-43.1096052557227,34420.0,177034120.13679725,57266676.754348025,576.0,114.03244041158058
1733400,1605,1080,-39.83672576069018,29824.0,170318653.90281957,55091779.97598183,569.0,100.18327515611858
1734480,1606,1080,-38.84179221397901,28422.0,164812742.5917582,53316686.46924057,540.0,94.23187423987673
1735560,1607,1080,-38.56915465289771,29332.0,164457656.23487592,53208100.8827397,589.0,95.26855316771048
1736640,1608,1080,-48.66554770060051,40008.0,192313739.17112914,62215163.30557046,545.0,133.4445807864138
1737720,1609,1080,-39.407839482254765,28474.0,163117748.9760905,52766004.488262065,542.0,97.10042839014316
1738800,1610,1080,-40.38207613819518,29756.0,168625252.18162936,54542000.01525347,567.0,100.99503636381475
1739880,1611,1080,-39.72245118492451,28672.0,167405082.96505898,54147833.875126146,569.0,96.45634099784576
1740960,1612,1080,-42.956868513724494,31906.0,175567317.00586456,56787144.25109193,548.0,107.49807324972423
1742040,1613,1080,-40.52565180647934,29950.0,167216373.1902116,54088412.93771138,537.0,103.40918734721554
1743120,1614,1080,-50.40656632214565,39314.0,191043126.47969416,61797936.49510725,553.0,139.14462042708803
1744200,1615,1080,-40.1598546187107,29636.0,171944915.73513043,55615465.27951008,569.0,100.44296569696756
1745280,1616,1080,-37.32950232622835,26158.0,159652117.52906987,51641122.36915354,567.0,89.34073460202207
1746360,1617,1080,-42.94550376161922,31466.0,171133623.85675484,55356748.58691418,561.0,110.57397088864396
1747440,1618,1080,-46.21607195198173,34170.0,180110826.36914507,58256824.884998955,540.0,118.43575638663181
1748520,1619,1080,-38.740086215272925,27718.0,163402394.56671897,52852199.87622178,564.0,94.34242052410804
1749600,1620,1080,-37.18471492195964,25830.0,160683264.27954426,51972779.109970994,594.0,86.40168069673501
1750680,1621,1080,-55.89598955546297,44524.0,205179766.99548283,66368520.26740437,512.0,159.58228979761248
1751760,1622,1080,-37.6632067725109,27628.0,163853665.73246348,52998880.390885524,554.0,92.6370567602104
1752840,1623,1080,-44.32054575800511,34838.0,180563860.2153769,58407847.90234252,589.0,119.20490441684967
1753920,1624,1080,-45.017799311827005,34406.0,178683981.03745297,57803879.21548144,551.0,116.57819920303707
1755000,1625,1080,-39.12349646528543,27478.0,163570204.9894219,52910796.951519206,554.0,95.2200493093597
1756080,1626,1080,-38.61534805937534,29212.0,161293866.44015893,52186998.33419946,566.0,94.87534384737282
1757160,1627,1080,-45.934368043472446,36352.0,182342986.0727394,58981088.20611165,574.0,125.86115818459754
1758240,1628,1080,-38.57845808775987,27468.0,167288583.20258403,54099723.493819155,569.0,94.92951977406513
1759320,1629,1080,-36.9632956506983,27134.0,160756619.9739008,52004855.65093851,560.0,90.77115250270106
1760400,1630,1080,-36.25229363902871,27096.0,160404163.37069649,51883129.46698,582.0,91.99749222448402
1761480,1631,1080,-54.537878813629035,47580.0,205791418.48521453,66584166.23362017,545.0,158.34534238394602
1762560,1632,1080,-39.83570606141423,28202.0,163646136.74603596,52932969.08832838,525.0,96.86189543337136
1763640,1633,1080,-37.07177393012675,26692.0,158557611.03384662,51293047.08864896,562.0,90.93075531340456
1764720,1634,1080,-37.671762148405335,27006.0,161309319.21623775,52176681.878754586,564.0,93.51493283592181
1765800,1635,1080,-39.53498619890762,28768.0,167284108.23419267,54106803.61559964,573.0,98.12445677707436
1766880,1636,1080,-47.097228581839076,37424.0,182452995.51722187,59026751.504455954,534.0,128.15614987751061
1767960,1637,1080,-49.72272475266966,40362.0,190018994.9285073,61469440.734499514,541.0,137.33649425474607
1769040,1638,1080,-46.323255122070904,37936.0,188506873.56962293,60989462.99587877,559.0,126.2533198717797
1770120,1639,1080,-39.03585409452593,28222.0,164777108.77761835,53300735.18919653,547.0,94.77824706724988
1771200,1640,1080,-43.82517385198735,34710.0,177009333.36925957,57265822.24794153,547.0,117.76782845250509
1772280,1641,1080,-38.17343191081383,27262.0,161095051.11997506,52114429.165866524,556.0,92.69519959263125
1773360,1642,1080,-53.046034878757,44578.0,202787044.9567189,65591894.25850431,570.0,154.97102841697864
1774440,1643,1080,-43.4249465687692,33070.0,176454861.37967125,57081986.32828808,553.0,111.1835882197369
1775520,1644,1080,-40.395261002321185,29854.0,168853267.66903827,54617811.66886727,560.0,103.67567018272874
1776600,1645,1080,-38.15780699684089,27178.0,159627073.13189343,51637986.94350976,553.0,93.17424718268467
1777680,1646,1080,-41.5390966558846,31236.0,172286739.92214182,55726541.2016509,577.0,109.15867596732912
1778760,1647,1080,-43.12323854327725,33790.0,179278566.4174243,57988983.30870223,582.0,116.77404562298867
1779840,1648,1080,-39.574039637914424,28824.0,165473192.78357065,53528123.66311264,550.0,99.02332457441968
1780920,1649,1080,-36.50440413590442,27764.0,158766117.98571008,51365054.43041602,574.0,92.08756504222703
1782000,1650,1080,-37.20987615582342,28110.0,159272198.811492,51529456.48343543,557.0,92.97557085926691
1783080,1651,1080,-39.497010645138616,28424.0,167707833.3467975,54241635.618467584,568.0,99.15762515864616
1784160,1652,1080,-37.578756751549854,27602.0,162866804.05280823,52681714.27423453,560.0,91.40451554168189
1785240,1653,1080,-42.83623352105796,33146.0,169274017.29490447,54770628.29936249,600.0,114.15372221456664
1786320,1654,1080,-41.626107567689694,32754.0,169770869.16333488,54924570.812802866,550.0,108.4759362509295
1787400,1655,1080,-44.62531098586693,35592.0,180342401.10501224,58347003.75310332,544.0,119.77578442461459
1788480,1656,1080,-47.849578184993916,35476.0,184515564.27621868,59682053.09971679,526.0,128.45983708857202
1789560,1657,1080,-37.829961135083366,28742.0,169032254.30846643,54672880.22320456,598.0,98.05814763894385
1790640,1658,1080,-39.42955965674572,28936.0,168794868.05537167,54594338.99998375,571.0,101.42211871044906
1791720,1659,1080,-37.968644648479625,27794.0,163301219.82582852,52822670.30840179,554.0,95.34173527115775
1792800,1660,1080,-42.329198384528354,34040.0,174088576.11324605,56319941.89230892,565.0,112.48271563184312
1793880,1661,1080,-46.51496213194335,37126.0,186510265.1821754,60335666.227866314,531.0,124.42210049858632
1794960,1662,1080,-50.145486742314695,40328.0,194000176.90636364,62755345.008921765,561.0,139.2453949912064
1796040,1663,1080,-57.69790663238006,50638.0,219085186.35619384,70886118.57425137,516.0,167.67810526606848
1797120,1664,1080,-41.09421869999445,30564.0,168004938.66628113,54346869.303608,563.0,107.64236570644658
1798200,1665,1080,-40.412633308238725,30968.0,174220135.04653615,56350355.728615545,567.0,103.38546368267177
1799280,1666,1080,-37.011213678915986,27868.0,161150433.02135986,52128990.5781885,584.0,93.11478897139236
1800360,1667,1080,-37.9469437786143,28636.0,165855514.3893195,53647678.160463095,593.0,99.15423478715489
1801440,1668,1080,-42.404078564339784,33124.0,168919073.88082078,54652104.3429304,560.0,112.86360403081822
1802520,1669,1080,-51.17408257499224,46600.0,199455127.01778436,64547227.58102382,572.0,151.30702559888448
1803600,1670,1080,-50.83599785710311,41874.0,197713179.4250534,63966599.358942136,529.0,140.90968656655113
1804680,1671,1080,-44.521461474518716,35102.0,180534732.39513928,58398397.62258935,539.0,116.69235446459443
1805760,1672,1080,-36.77292146422943,27548.0,159676580.24883643,51655804.916306764,567.0,94.6243501473905
1806840,1673,1080,-41.03496015489411,30224.0,169571935.86237764,54850510.84093567,550.0,103.4872178913779
1807920,1674,1080,-38.934553516873294,29626.0,166528461.22463587,53872164.81612458,564.0,101.22455167151837
1809000,1675,1080,-44.84676373130942,35904.0,182802417.78248143,59137963.3777239,565.0,122.1309713662026
1810080,1676,1080,-39.9124818141578,29924.0,169424725.555621,54799881.23910719,566.0,104.00034745475031
1811160,1677,1080,-40.58809724084533,30796.0,165078469.11407685,53407810.435302824,562.0,105.51556888993355
1812240,1678,1080,-38.38871122600581,28314.0,163424534.03648373,52868672.177118935,564.0,95.67690059576248
1813320,1679,1080,-40.44067130600173,29976.0,172391445.75844613,55755879.309892714,559.0,103.72639191346306
1814400,1680,1080,-37.49185635098701,27492.0,159864523.2750567,51717511.4657007,542.0,92.23553009185017
1815480,1681,1080,-43.27346079452592,34716.0,176233113.0847512,57015884.97888335,524.0,116.39969372023668
1816560,1682,1080,-38.38091500421561,28262.0,165337237.74531406,53478667.65390344,564.0,95.67322380282585
1817640,1683,1080,-39.77764626358913,29976.0,166264894.48069993,53786819.66037592,534.0,99.9076575761865
1818720,1684,1080,-40.94132178017446,31604.0,171120068.63224667,55356180.68931854,579.0,107.29831699484176
1819800,1685,1080,-45.14687723829985,34110.0,179373120.02107906,58024190.81524263,520.0,118.20970017666752
1820880,1686,1080,-41.35663722705479,30386.0,170405608.505683,55116853.35388727,571.0,110.46405005993533
1821960,1687,1080,-38.24671217566584,28308.0,165009727.48075324,53376794.760276236,561.0,97.99421649457334
1823040,1688,1080,-39.73445974521239,30072.0,168515254.915993,54508495.790870294,554.0,103.94156726646055
1824120,1689,1080,-40.68474516913905,30366.0,168057226.28595936,54364473.0021419,543.0,107.11850069287213
1825200,1690,1080,-40.061283998771415,29596.0,166191347.88506335,53766533.131478146,559.0,102.79026202888662
1826280,1691,1080,-49.1317373461575,40774.0,194038059.11602503,62775548.76092102,557.0,138.9039689252218
1827360,1692,1080,-38.07260272549326,28010.0,160085339.8752281,51784204.003105335,548.0,95.55170132532714
1828440,1693,1080,-37.743682243627696,28944.0,161739534.7419931,52327495.70698597,567.0,97.80195753359415
1829520,1694,1080,-46.284095376553594,38660.0,193700751.55999553,62650815.48215613,562.0,129.38159944347154
1830600,1695,1080,-46.40567063336738,37534.0,184065811.50622493,59549121.36908079,543.0,127.86840610136956
1831680,1696,1080,-42.308050558723664,32582.0,176383190.5364353,57052987.58492888,565.0,116.21589595280722
1832760,1697,1080,-37.01489745053316,28502.0,164340709.78747785,53161630.98419798,585.0,95.87681193959111
1833840,1698,1080,-38.043201116230456,29376.0,168385618.9891736,54465682.43773254,622.0,102.26780509316251
1834920,1699,1080,-38.760940462526776,28862.0,163442468.3783969,52870577.78065346,564.0,100.1434798099272
1836000,1700,1080,-48.84380977610702,42002.0,190811420.7618672,61745021.767589755,545.0,140.3589499378466
1837080,1701,1080,-35.44743192131997,27062.0,155613776.9145377,50344430.84926743,542.0,90.03138192800958
1838160,1702,1080,-38.73670541934354,30746.0,166807703.6740869,53964504.7733412,579.0,105.41141853979059
1839240,1703,1080,-57.171616277572554,53550.0,217194647.50784093,70283451.24071005,515.0,170.5869415351905
1840320,1704,1080,-86.06491441711839,88586.0,301128653.5082541,97445609.61111864,559.0,293.795525930952
1841400,1705,1080,-42.54553295190823,33216.0,176161469.50371832,56982413.38361535,546.0,114.31683999693546
1842480,1706,1080,-43.72398282090501,35924.0,179341596.2633477,58017317.16965016,537.0,121.22321105097014
1843560,1707,1080,-59.56964781001422,51952.0,216703837.5266515,70106910.36183104,562.0,180.6842656771084
1844640,1708,1080,-40.81889299223345,30812.0,170726157.5558198,55222987.73179637,556.0,108.49298142986767
1845720,1709,1080,-43.55948274700169,35012.0,177432442.4023497,57401325.71762694,539.0,116.84542729580733
1846800,1710,1080,-49.346257817594626,41704.0,192763376.4267606,62370711.52288597,548.0,137.18140219263324
1847880,1711,1080,-38.338154129539056,29406.0,166789270.10347006,53948288.19397941,552.0,99.41550666599939
1848960,1712,1080,-38.85667394822452,29610.0,166610987.75864,53898573.07868016,553.0,101.78216914840584
1850040,1713,1080,-43.09934664465986,35658.0,178675141.8743249,57798763.481296994,567.0,120.59225014434934
1851120,1714,1080,-39.63745555200511,29974.0,167544723.57813644,54198883.48869845,563.0,105.46759413904394
1852200,1715,1080,-43.34351420992123,33958.0,175611249.284888,56807053.31976139,522.0,117.13946674968267
1853280,1716,1080,-42.55502408992792,34504.0,176296447.44077325,57031719.28361296,566.0,117.0497209684786
1854360,1717,1080,-55.61916974163356,49642.0,208719393.56861216,67533405.93666247,594.0,173.34393857975965
1855440,1718,1080,-45.17956457669306,37102.0,186399606.47853157,60300527.931134515,576.0,126.9164660879378
1856520,1719,1080,-37.99298286690261,30134.0,171017963.79020494,55314474.679942794,589.0,104.08592793534315
1857600,1720,1080,-37.29007307573424,28340.0,161847389.99512386,52362201.35178861,550.0,96.36774221406274
1858680,1721,1080,-47.79520524076639,40894.0,189152920.54178253,61200440.7684006,554.0,135.9945468793048
1859760,1722,1080,-40.201125001855644,30962.0,170017477.7530555,54996702.712602444,537.0,106.38702398542134
1860840,1723,1080,-37.21041457460028,28750.0,162405287.3075603,52540963.07524231,571.0,98.22240252882487
1861920,1724,1080,-38.06090081286325,29718.0,164691383.84124386,53278770.35623926,564.0,100.9106946907339
1863000,1725,1080,-38.7884077950953,29944.0,165869347.8790814,53658885.90913193,551.0,101.0881684988297
1864080,1726,1080,-41.77744287856837,32486.0,172323569.62084702,55738244.03678436,542.0,113.69133206581924
1865160,1727,1080,-52.02474389652727,45798.0,201970518.9053261,65345930.20245899,546.0,156.55116662497912
1866240,1728,1080,-42.05952186857998,31464.0,170547989.8282665,55172712.33675844,559.0,110.52991014065807
1867320,1729,1080,-42.823793006370195,35636.0,177066007.1805608,57282585.57321032,550.0,120.10831157076363
1868400,1730,1080,-38.76863222739324,29698.0,165469896.7535546,53530458.31443985,545.0,100.63463191269066
1869480,1731,1080,-53.63711785797153,45566.0,205407734.7121838,66452421.46190678,555.0,157.8463203147363
1870560,1732,1080,-50.766742443707216,45890.0,200562348.1302449,64894668.944306664,580.0,151.48088954056473
1871640,1733,1080,-39.17537053090835,30594.0,167147253.9776608,54072829.22192097,560.0,104.97284666111024
1872720,1734,1080,-37.69692013370927,27898.0,162070069.91802737,52422246.59692067,555.0,97.01447663533632
1873800,1735,1080,-40.62342959033939,31922.0,172422473.79801428,55773393.89660158,539.0,109.16514392690719
1874880,1736,1080,-39.17939450296453,32004.0,169742110.1537345,54909709.56986317,586.0,107.78591851683201
1875960,1737,1080,-672.8451497985366,908202.0,1461892677.0460327,473395486.8542696,273.0,3053.6141498262405
1877040,1738,1080,-37.86394656008454,30486.0,166228291.3168188,53775831.76012685,561.0,103.15097304420193
1878120,1739,1080,-37.581510988788125,28402.0,164108542.43393862,53090345.26103808,552.0,98.6555179623546
1879200,1740,1080,-51.2777980412848,41860.0,197629926.82115722,63928924.30852201,532.0,146.19721317889585
1880280,1741,1080,-36.89192527902103,28046.0,158731208.20185813,51348574.218407676,525.0,94.46188930793858
1881360,1742,1080,-40.99856811640214,31162.0,171819688.5770161,55572569.62096044,531.0,107.85392510248123
1882440,1743,1080,-53.470616826416716,46086.0,206589366.53801486,66830351.34072113,547.0,159.52137178547656
1883520,1744,1080,-48.92788167968759,41794.0,192030888.1324576,62129188.33621454,555.0,142.50820551885025
1884600,1745,1080,-49.673879870034796,42486.0,196183006.0484548,63468736.77677894,530.0,141.49046338032576
1885680,1746,1080,-37.76694120180773,29104.0,162111834.8878756,52441771.9073169,547.0,101.16829950278596
1886760,1747,1080,-53.72340052340962,46814.0,209247625.57825136,67694340.5618049,554.0,158.8590167338533
1887840,1748,1080,-39.38338436422027,31708.0,169681643.01876366,54892999.82415129,565.0,109.05899499705933
1888920,1749,1080,-36.74573500496369,29922.0,165350991.37654957,53491477.65571314,564.0,98.87753121789625
1890000,1750,1080,-39.64157901565085,30754.0,168463116.03863096,54493248.29601856,528.0,106.86180781814946
1891080,1751,1080,-40.783264560625,32200.0,173701388.14165533,56187535.42401791,564.0,111.0453098184637
1892160,1752,1080,-44.881998388818886,37628.0,185170569.3841035,59903886.14046581,561.0,128.63246936362938
1893240,1753,1080,-42.473896395829925,32206.0,174564862.62982976,56466482.140256666,545.0,111.50995568646019
1894320,1754,1080,-37.02428795061792,28840.0,163408578.3903151,52863527.606532104,587.0,98.98057850804162
1895400,1755,1080,-48.71296898126842,40112.0,192018326.86929598,62111874.76927918,535.0,136.3928033980886
1896480,1756,1080,-43.58026486209316,35980.0,177188065.83647126,57325073.962402634,554.0,121.7573142505896
1897560,1757,1080,-38.40549658274138,28662.0,165365522.24395978,53489651.05791651,538.0,98.64918184409112
1898640,1758,1080,-40.68157031961728,32578.0,174582152.24842793,56470124.642354004,534.0,110.75001140536996
1899720,1759,1080,-37.74219822758642,29256.0,166090300.4769794,53723953.699702404,561.0,99.390945282751
1900800,1760,1080,-35.9874897115531,27458.0,160371556.31666628,51877833.55665789,587.0,93.35927471529173
1901880,1761,1080,-44.0441561502886,35022.0,183356633.5554284,59302926.75955887,575.0,121.41859452517551
1902960,1762,1080,-59.49189201166395,55090.0,220974554.73175818,71504873.26415163,555.0,181.58947730414323
1904040,1763,1080,-47.67236090577576,41340.0,197917868.7148987,64020125.431721285,570.0,139.14505896666134
1905120,1764,1080,-39.196882016432596,30030.0,165351591.6713302,53491673.861653306,569.0,106.58369902906485
1906200,1765,1080,-50.08779155257312,42142.0,196178494.4792536,63456986.9621449,556.0,146.6490923254416
1907280,1766,1080,-40.230812424775,30050.0,168246652.69642755,54425014.00060325,521.0,102.32656097750804
1908360,1767,1080,-40.223858750776465,30220.0,166276972.53271833,53787654.22217524,525.0,102.66003894740145
1909440,1768,1080,-39.28002523702664,29032.0,166962403.16452536,54011430.96594871,553.0,100.9015177556011
1910520,1769,1080,-37.737933152831694,29596.0,169824618.778907,54923005.00395407,590.0,102.81430361460717
1911600,1770,1080,-38.18954252561518,28888.0,163580440.45459214,52915078.0053716,558.0,99.0973255416022
1912680,1771,1080,-47.94519950492047,40688.0,195620316.64252624,63285144.246851146,542.0,138.74486553182084
1913760,1772,1080,-39.81946068924532,29330.0,166671592.83512282,53907377.18149245,534.0,102.62370456612608
1914840,1773,1080,-41.322820246085065,31950.0,172550149.00665146,55816142.12837609,550.0,111.26322681745347
1915920,1774,1080,-42.82599603690885,35880.0,178648200.89261243,57799169.1457002,569.0,122.99974364576344
1917000,1775,1080,-47.76601676632144,38408.0,190987266.1258364,61779845.815489374,545.0,136.13379846358487
1918080,1776,1080,-39.277029646644564,29428.0,168862270.37682778,54622195.32188754,561.0,101.79431876844939
1919160,1777,1080,-43.53313033658331,33798.0,178444926.21254653,57714966.87558879,562.0,121.01400594982259
1920240,1778,1080,-37.450231634166855,29146.0,165759793.20089483,53622250.07773566,560.0,100.00124700817497
1921320,1779,1080,-46.933411737898055,39740.0,189206768.4797365,61211543.94332406,560.0,132.91483756627755
1922400,1780,1080,-37.72093193476266,28832.0,164466683.1254449,53200863.2042062,560.0,99.66964950190761
1923480,1781,1080,-39.86994853117957,30930.0,171031900.26052278,55318005.51912653,543.0,107.17831933219216
1924560,1782,1080,-44.29044886903498,35166.0,182172066.7535055,58926872.619254224,548.0,122.68634946788151
1925640,1783,1080,-39.09997497562992,30572.0,165757106.79113162,53623620.25161202,562.0,106.49958924682296
1926720,1784,1080,-41.130658009972954,30722.0,171402964.49423996,55437456.26156428,547.0,106.93425007369083
1927800,1785,1080,-39.48031282530469,30586.0,167754034.09821355,54270430.871376544,556.0,106.29194982616018
1928880,1786,1080,-44.45781402192111,36922.0,186890532.29975292,60459146.99661658,554.0,126.07231044112936
1929960,1787,1080,-59.888385687836795,55348.0,223542373.6438842,72335244.0206187,537.0,185.16542094013974
1931040,1788,1080,-43.199074988303394,36304.0,179477266.1381811,58069171.212107606,559.0,122.47255730742252
1932120,1789,1080,-44.5776082201387,36716.0,186424540.79235777,60305048.36158505,560.0,125.54359741920793
1933200,1790,1080,-55.57969601163006,50066.0,214216450.10898575,69307103.40464321,568.0,169.24014249522276
1934280,1791,1080,-37.091599107084534,28780.0,164944536.84716883,53351518.246397,569.0,100.41182327033478
1935360,1792,1080,-41.48357215117697,33462.0,171382210.4701316,55449521.94141302,556.0,116.09234602774588
1936440,1793,1080,-40.268301529354325,30994.0,168660336.15713182,54563875.16990935,532.0,107.94787140875857
1937520,1794,1080,-42.8648120604624,33882.0,174945615.16358656,56597042.34522436,533.0,115.5409063253444
1938600,1795,1080,-43.84847972756515,36326.0,180669644.22937012,58446324.1117122,551.0,126.45238474493793
1939680,1796,1080,-41.50706064245668,31776.0,173163177.28883907,56012244.75501637,524.0,110.69645656049815
1940760,1797,1080,-38.46081602583115,29786.0,165611292.9201452,53573819.86432704,557.0,101.6988113235979
1941840,1798,1080,-39.07632019139896,30696.0,167115112.22871873,54056308.10061926,560.0,107.0500294663692
1942920,1799,1080,-38.893800998356454,30368.0,167771488.93641254,54269086.74500455,537.0,104.21342098707065
1944000,1800,1080,-40.37382810911645,31720.0,171646337.76478264,55521262.584554866,545.0,109.667556000107
1945080,1801,1080,-43.85543739805003,36148.0,179903211.08090514,58196313.80293548,554.0,126.0916202030872
1946160,1802,1080,-39.17121232956604,30946.0,172557521.85561886,55815886.726964995,571.0,106.99373909445647
1947240,1803,1080,-46.740229093757065,37842.0,188604203.060904,61006050.8211836,538.0,131.6057252359482
1948320,1804,1080,-38.1794967375491,30394.0,168607336.43245462,54541492.94718382,573.0,105.79503980103836
1949400,1805,1080,-40.881515266722246,32370.0,172982825.65920895,55957049.70246147,570.0,115.23458970434905
1950480,1806,1080,-45.157995171467505,38076.0,182968193.41656604,59191677.504094,539.0,131.5405967563354
1951560,1807,1080,-38.29581649189905,30568.0,168979982.11940458,54658492.07345825,566.0,105.83504574385417
1952640,1808,1080,-38.74429292377653,30516.0,171156016.0322208,55358404.82596237,560.0,104.61059322347333
1953720,1809,1080,-40.1249503809825,30894.0,170675478.37324467,55204040.3245548,542.0,106.7474722296359
1954800,1810,1080,-54.119877698102194,50330.0,209444558.70419216,67769729.80208912,567.0,170.06582099936094
1955880,1811,1080,-40.14538020908712,31014.0,170343750.37268367,55098248.244353294,578.0,109.12424895046182
1956960,1812,1080,-45.07006867929949,38838.0,186860107.58077905,60447642.07145348,570.0,131.35774414017362
1958040,1813,1080,-46.18095105721018,39034.0,190818190.59382066,61729520.727639556,565.0,132.91759617168074
1959120,1814,1080,-54.55660551120293,49338.0,205485663.51985207,66502595.16511474,525.0,160.67375640871262
1960200,1815,1080,-61.586083905956315,60080.0,229071537.94299507,74123979.18882893,576.0,201.60645163759148
1961280,1816,1080,-37.026178481337624,29214.0,163072085.4090831,52753423.30881051,574.0,100.19006349871572
1962360,1817,1080,-39.9225870857435,30534.0,171740379.3278218,55552003.1313923,575.0,107.41785425444117
1963440,1818,1080,-48.037715059055564,41292.0,191978392.9951428,62104427.62287909,573.0,142.39389598653267
1964520,1819,1080,-38.03957937314773,29540.0,164882444.35452822,53337711.029350884,572.0,103.23500108410373
1965600,1820,1080,-39.73143657659547,30694.0,171105721.27629554,55339085.94091223,543.0,107.14716284135272
1966680,1821,1080,-48.12308649043313,40690.0,188498948.10477972,60995778.02425581,564.0,136.39754423066563
1967760,1822,1080,-44.884122090813456,36512.0,183472285.22262785,59353833.41182234,552.0,127.54876622489704
1968840,1823,1080,-39.67004448100259,31236.0,166802640.0514825,53960230.821020775,531.0,105.39207987093945
1969920,1824,1080,-37.331578630246796,28860.0,162289515.75554442,52497718.39216074,555.0,99.42248982144554
1971000,1825,1080,-37.0834781943517,29746.0,163180071.66830283,52793917.00692732,557.0,100.18323226738227
1972080,1826,1080,-51.92557565618269,47778.0,205503250.71234426,66502340.36667357,565.0,158.00862845933247
1973160,1827,1080,-37.74367447015561,29622.0,170451839.83571923,55126898.489159375,598.0,104.2465515040121
1974240,1828,1080,-37.49829854419754,30682.0,169692889.54096803,54888497.401466034,604.0,105.2189679112694
1975320,1829,1080,-44.72529665904446,38424.0,189363764.11513644,61253157.01352251,558.0,129.32621639382526
1976400,1830,1080,-39.09655030242752,29616.0,167144885.91361055,54063852.891269535,565.0,104.86739721031752
1977480,1831,1080,-50.624968479490704,42740.0,192935552.331317,62418424.59756801,568.0,153.61066881510195
1978560,1832,1080,-45.428016492016205,38630.0,184346833.21416277,59639117.21436728,558.0,133.23469604276573
1979640,1833,1080,-38.66032461637569,30506.0,167398571.9510373,54156913.4355968,542.0,105.36716725261311
1980720,1834,1080,-47.0273283260522,42358.0,192571827.02784884,62306525.95048932,578.0,143.23400225723927
1981800,1835,1080,-39.585746727941164,31556.0,169640772.10139352,54877235.42691079,576.0,109.8103111239406
1982880,1836,1080,-37.9158066355728,31490.0,166426715.47595173,53844180.99275484,563.0,106.35229388483899
1983960,1837,1080,-38.839706674030595,30828.0,170489601.78665224,55147259.06058964,541.0,107.56989849523595
1985040,1838,1080,-40.00667625286184,30718.0,171911697.23624513,55602124.54822849,566.0,107.35357939434365
1986120,1839,1080,-49.56202618175897,43674.0,195430405.4413477,63229818.37345848,539.0,148.53104642505286
1987200,1840,1080,-37.44448594596125,29594.0,162859047.6960142,52684307.228206754,558.0,103.95907253150841
1988280,1841,1080,-43.17743176226872,36032.0,177777340.57061404,57521323.670458294,538.0,121.61511730933186
1989360,1842,1080,-35.826331173775046,29210.0,164172601.0311247,53107352.26278862,565.0,98.676360580259
1990440,1843,1080,-46.764832419441916,42124.0,190530483.06732172,61645420.78454953,561.0,139.7526176002092
1991520,1844,1080,-43.996133479782074,37494.0,187614539.20295092,60681988.79979828,578.0,128.68996669359356
1992600,1845,1080,-37.469622725577665,29046.0,162921080.03973192,52706469.93290539,554.0,100.89937638293927
1993680,1846,1080,-38.89842123828758,31316.0,169343240.34486502,54776446.49161381,561.0,107.32819864702601
1994760,1847,1080,-36.781776084807234,29876.0,165145249.38308892,53421902.53486541,585.0,102.37193008908069
1995840,1848,1080,-53.87023069857101,49824.0,213491415.6799528,69077693.88380454,568.0,166.73821520173703
1996920,1849,1080,-42.03259523430274,34700.0,175590234.2520201,56804588.99177889,547.0,119.37475186604108
1998000,1850,1080,-38.617224792307006,31508.0,169757078.92057714,54912310.50807567,584.0,106.78363740110133
1999080,1851,1080,-38.06807720243397,30578.0,169583246.54509944,54859447.94708302,566.0,104.43655818150586
